,AphiaID,CorrectedAphiaID,FuncGroup,SpeciesNameCleaned,SpeciesNameUnique,ScientificName_corrected,n,Genus,IdentifiedRank,DOUBLE_spec
1,nd,235828,Haptophyta,Calytrhosphaera multipora,Calytrhosphaera multipora,Calytrhosphaera multipora,41,Calytrhosphaera,Species,
2,nd,178598,Haptophyta,Coccolithus hulburtianus,Coccolithus hulburtianus,Coccolithus hulburtianus,177,Coccolithus,Species,
3,nd,106305,Cryptophyte,Teleaulax aculeata,Teleaulax aculeata,Teleaulax acuta,164,Teleaulax,Species,
4,nd,14909211,Bacillariophyceae,Thalassionema delicatula,Thalassionema delicatula,Thalassionema delicatula,174,Thalassionema,Species,
5,nd,14909222,Bacillariophyceae,Thalassionema mediterranea,Thalassionema mediterranea,Thalassionema mediterranea,174,Thalassionema,Species,
6,nd,,Nanoflagellates,nanoflagellates,nanoflagellates,nanoflagellates,221,,Group,
7,nd,,PalmelloidColony,palmelloid colony,palmelloid colony,palmelloid colony,221,,Group,
8,801,,Chlorophyte,chlorophyte,chlorophyte,Chlorophyta,192,,Phylum,
9,17657,,Others,Eutreptiella sp.,Eutreptiella sp.,Eutreptiella sp.,166,Eutreptiella,Genus,
10,106283,,Cryptophyte,Plagioselmis sp.,Plagioselmis sp.,Plagioselmis sp.,164,Plagioselmis,Genus,
11,106285,,Cryptophyte,Teleaulax sp.,Teleaulax sp. 1,Teleaulax sp.,21,Teleaulax,Genus,
12,106285,,Cryptophyte,Teleaulax sp.,Teleaulax sp. 2,Teleaulax sp.,24,Teleaulax,Genus,
13,106289,,Cryptophyte,Rhodomonas sp.,Rhodomonas sp.,Rhodomonas sp.,157,Rhodomonas,Genus,
14,106314,,Cryptophyte,Rhodomonas marina,Rhodomonas marina,Rhodomonas marina,176,Rhodomonas,Species,
15,109421,,Dinoflagellata,Ceratium lineatum,Ceratium lineatum,Tripos lineatus,204,Tripos,Species,
16,109462,,Dinoflagellata,Dinophysis sp.,Dinophysis sp.,Dinophysis sp.,217,Dinophysis,Genus,
17,109462,,Dinoflagellata,Dinophysis sp. -2,Dinophysis sp. -2,Dinophysis sp.,179,Dinophysis,Genus,
18,109463,,Dinoflagellata,Histioneis sp.,Histioneis sp.,Histioneis sp.,72,Histioneis,Genus,
19,109464,,Dinoflagellata,Ornithocercus sp.,Ornithocercus sp.,Ornithocercus sp.,220,Ornithocercus,Genus,
20,109466,,Dinoflagellata,Phalacroma sp.,Phalacroma sp.,Phalacroma sp.,27,Phalacroma,Genus,
21,109468,,Dinoflagellata,Fragilidium sp.,Fragilidium sp.,Fragilidium sp.,101,Fragilidium,Genus,
22,109470,,Dinoflagellata,Alexandrium sp.,Alexandrium sp.,Alexandrium sp.,209,Alexandrium,Genus,
23,109473,,Dinoflagellata,Amphidinium sp.,Amphidinium sp.,Amphidinium sp.,215,Amphidinium,Genus,
24,109474,,Dinoflagellata,Cochlodinium sp.,Cochlodinium sp.,Cochlodinium sp.,220,Cochlodinium,Genus,
25,109475,,Dinoflagellata,Gymnodinium sp.,Gymnodinium sp.,Gymnodinium sp.,177,Gymnodinium,Genus,
26,109475,,Dinoflagellata,Gymnodinium sp. -2,Gymnodinium sp. -2,Gymnodinium sp.,8,Gymnodinium,Genus,
27,109475,,Dinoflagellata,Gymnodinium sp. -3,Gymnodinium sp. -3,Gymnodinium sp.,8,Gymnodinium,Genus,
28,109475,,Dinoflagellata,Gymnodinium sp. -large,Gymnodinium sp. -large,Gymnodinium sp.,227,Gymnodinium,Genus,
29,109475,,Dinoflagellata,Gymnodinium sp. -small,Gymnodinium sp. -small,Gymnodinium sp.,228,Gymnodinium,Genus,
30,109475,,Dinoflagellata,Gymnodinium sp. large,Gymnodinium sp. large,Gymnodinium sp.,1,Gymnodinium,Genus,
31,109476,,Dinoflagellata,Gyrodinium sp.,Gyrodinium sp. 1,Gyrodinium sp.,40,Gyrodinium,Genus,
32,109476,,Dinoflagellata,Gyrodinium sp.,Gyrodinium sp. 2,Gyrodinium sp.,224,Gyrodinium,Genus,
33,109476,,Dinoflagellata,Gyrodinium sp. ,Gyrodinium sp. 3,Gyrodinium sp.,1,Gyrodinium,Genus,
34,109476,,Dinoflagellata,Gyrodinium sp. -2,Gyrodinium sp. -2,Gyrodinium sp.,8,Gyrodinium,Genus,
35,109476,,Dinoflagellata,Gyrodinium sp. -3,Gyrodinium sp. -3,Gyrodinium sp.,163,Gyrodinium,Genus,
36,109477,,Dinoflagellata,Katodinium sp.,Katodinium sp.,Katodinium sp.,66,Katodinium,Genus,
37,109479,,Dinoflagellata,Torodinium sp.,Torodinium sp.,Torodinium sp.,188,Torodinium,Genus,
38,109480,,Dinoflagellata,Hemidinium sp.,Hemidinium sp.,Hemidinium sp.,221,Hemidinium,Genus,
39,109485,,Dinoflagellata,Polykrikos sp.,Polykrikos sp.,Polykrikos sp.,41,Polykrikos,Genus,
40,109487,,Dinoflagellata,Pronoctiluca sp.,Pronoctiluca sp.,Pronoctiluca sp.,11,Pronoctiluca,Genus,
41,109490,,Dinoflagellata,Nematodinium sp.,Nematodinium sp.,Nematodinium sp.,32,Nematodinium,Genus,
42,109509,,Dinoflagellata,Cladopyxis sp.,Cladopyxis sp.,Cladopyxis sp.,49,Cladopyxis,Genus,
43,109515,,Dinoflagellata,Diplopsalis sp.,Diplopsalis sp.,Diplopsalis sp.,23,Diplopsalis,Genus,
44,109519,,Dinoflagellata,Gonyaulax sp.,Gonyaulax sp.,Gonyaulax sp.,220,Gonyaulax,Genus,
45,109519,,Dinoflagellata,Gonyaulax sp. -2,Gonyaulax sp. -2,Gonyaulax sp. -2,8,Gonyaulax,Genus,
46,109526,,Dinoflagellata,Centrodinium sp.,Centrodinium sp.,Centrodinium sp.,220,Centrodinium,Genus,
47,109527,,Dinoflagellata,Corythodinium sp.,Corythodinium sp.,Corythodinium sp.,13,Corythodinium,Genus,
48,109528,,Dinoflagellata,Oxytoxum sp.,Oxytoxum sp.,Oxytoxum sp.,221,Oxytoxum,Genus,
49,109538,,Dinoflagellata,Glenodinium sp.,Glenodinium sp.,Glenodinium sp.,221,Glenodinium,Genus,
50,109540,,Dinoflagellata,Heterocapsa sp.,Heterocapsa sp.,Heterocapsa sp.,164,Heterocapsa,Genus,
51,109545,,Dinoflagellata,Scrippsiella sp.,Scrippsiella sp. 1,Scrippsiella sp.,14,Scrippsiella,Genus,
52,109545,,Dinoflagellata,Scrippsiella sp.,Scrippsiella sp. 2,Scrippsiella sp.,221,Scrippsiella,Genus,
53,109550,,Dinoflagellata,Podolampas sp.,Podolampas sp.,Podolampas sp.,179,Podolampas,Genus,
54,109553,,Dinoflagellata,Protoperidinium sp.,Protoperidinium sp.,Protoperidinium sp.,36,Protoperidinium,Genus,
55,109553,,Dinoflagellata,Protoperidinium sp. -2,Protoperidinium sp. -2,Protoperidinium sp.,21,Protoperidinium,Genus,
56,109558,,Dinoflagellata,Thoracosphaera sp.,Thoracosphaera sp.,Thoracosphaera sp.,48,Thoracosphaera,Genus,
57,109559,,Dinoflagellata,Goniodoma sp.,Goniodoma sp.,Goniodoma sp.,180,Goniodoma,Genus,
58,109563,109466,Dinoflagellata,Oxyphysis sp.,Oxyphysis sp.,Phalacroma sp.,178,Phalacroma,Genus,
59,109566,,Dinoflagellata,Prorocentrum sp.,Prorocentrum sp.,Prorocentrum sp.,220,Prorocentrum,Genus,
60,109588,839164,Dinoflagellata,Pseliodinium vaubanii,Pseliodinium vaubanii,Ceratoperidinium falcatum,259,Ceratoperidinium,Species,
61,109589,,Dinoflagellata,Amphisolenia bidentata,Amphisolenia bidentata,Amphisolenia bidentata,164,Amphisolenia,Species,
62,109603,,Dinoflagellata,Dinophysis acuminata,Dinophysis acuminata,Dinophysis acuminata,220,Dinophysis,Species,
63,109612,,Dinoflagellata,Dinophysis caudata,Dinophysis caudata,Dinophysis caudata,220,Dinophysis,Species,1
64,109618,109612,Dinoflagellata,Dinophysis diegensis,Dinophysis diegensis,Dinophysis caudata,8,Dinophysis,Species,1
65,109627,,Dinoflagellata,Dinophysis hastata,Dinophysis hastata,Dinophysis hastata,59,Dinophysis,Species,
66,109654,,Dinoflagellata,Dinophysis recurva,Dinophysis recurva,Dinophysis recurva,8,Dinophysis,Species,
67,109693,,Dinoflagellata,Ornithocercus magnificus,Ornithocercus magnificus,Ornithocercus magnificus,220,Ornithocercus,Species,
68,109694,,Dinoflagellata,Ornithocercus quadratus,Ornithocercus quadratus,Ornithocercus quadratus,220,Ornithocercus,Species,
69,109696,,Dinoflagellata,Ornithocercus steinii,Ornithocercus steinii,Ornithocercus steinii,220,Ornithocercus,Species,
70,109714,,Dinoflagellata,Alexandrium tamarense,Alexandrium tamarense,Alexandrium tamarense,219,Alexandrium,Species,2
71,109714,,Dinoflagellata,Alexandrium tamarensis,Alexandrium tamarensis,Alexandrium tamarense,1,Alexandrium,Species,2
72,109717,,Dinoflagellata,Actiniscus pentasterias,Actiniscus pentasterias,Actiniscus pentasterias,16,Actiniscus,Species,
73,109735,,Dinoflagellata,Amphidinium klebsii,Amphidinium klebsii,Amphidinium klebsii,126,Amphidinium,Species,
74,109764,148989,Bacillariophyceae,Cocconeis sp. ,Cocconeis sp. ,Cocconeis sp.,1,Cocconeis,Genus,
75,109764,,Dinoflagellata,Cochlodinium constrictum,Cochlodinium constrictum,Cochlodinium constrictum,31,Cochlodinium,Species,
76,109775,,Dinoflagellata,Cochlodinium strangulatum,Cochlodinium strangulatum,Cochlodinium strangulatum,122,Cochlodinium,Species,
77,109784,,Dinoflagellata,Gymnodinium catenatum,Gymnodinium catenatum,Gymnodinium catenatum,220,Gymnodinium,Species,
78,109787,109923,Dinoflagellata,Gymnodinium conicum,Gymnodinium conicum,Spatulodinium pseudonoctiluca,123,Spatulodinium,Species,
79,109797,,Dinoflagellata,Gymnodinium gibbera,Gymnodinium gibbera,Gymnodinium gibbera,127,Gymnodinium,Species,
80,109800,1633651,Dinoflagellata,Gymnodinium cf. gracile,Gymnodinium cf. gracile,Balechina gracilis,24,Balechina,Species,
81,109813,233024,Dinoflagellata,Gymnodinium cf. mikimotoi,Gymnodinium cf. mikimotoi,Karenia cf. mikimotoi,41,Karenia,Species,
82,109828,,Dinoflagellata,Gymnodinium rubrum,Gymnodinium rubrum,Gymnodinium rubrum,122,Gymnodinium,Species,
83,109832,232546,Dinoflagellata,Gymnodinium splendens,Gymnodinium splendens,Akashiwo sanguinea,23,Akashiwo,Species,
84,109835,,Dinoflagellata,Gymnodinium variabile,Gymnodinium variabile,Gymnodinium variabile,123,Gymnodinium,Species,
85,109841,,Dinoflagellata,Gyrodinium cf. acutum,Gyrodinium cf. acutum,Gyrodinium cf. acutum,163,Gyrodinium,Species,
86,109853,840689,Dinoflagellata,Gyrodinium fissum,Gyrodinium fissum,Levanderina fissa,220,Levanderina,Species,
87,109855,,Dinoflagellata,Gyrodinium foliaceum,Gyrodinium foliaceum,Gyrodinium foliaceum,72,Gyrodinium,Species,
88,109856,,Dinoflagellata,Gyrodinium fusiforme,Gyrodinium fusiforme,Gyrodinium fusiforme,220,Gyrodinium,Species,
89,109859,,Dinoflagellata,Gyrodinium lachryma,Gyrodinium lachryma,Gyrodinium lachryma,198,Gyrodinium,Species,
90,109871,,Dinoflagellata,Gyrodinium pepo,Gyrodinium pepo,Gyrodinium pepo,8,Gyrodinium,Species,
91,109872,,Dinoflagellata,Gyrodinium cf. pingue,Gyrodinium cf. pingue,Gyrodinium cf. pingue,1,Gyrodinium,Species,
92,109872,,Dinoflagellata,Gyrodinium pingue,Gyrodinium pingue,Gyrodinium pingue,312,Gyrodinium,Species,
93,109876,,Dinoflagellata,Gyrodinium spirale,Gyrodinium spirale,Gyrodinium spirale,191,Gyrodinium,Species,
94,109879,,Dinoflagellata,Gyrodinium varians,Gyrodinium varians,Gyrodinium varians,123,Gyrodinium,Species,
95,109901,,Dinoflagellata,Polykrikos schwartzii,Polykrikos schwartzii,Polykrikos schwartzii,40,Polykrikos,Species,
96,109904,,Dinoflagellata,Pronoctiluca spinifera,Pronoctiluca spinifera,Pronoctiluca spinifera,123,Pronoctiluca,Species,
97,109921,,Dinoflagellata,Noctiluca scintillans,Noctiluca scintillans,Noctiluca scintillans,26,Noctiluca,Species,
98,109930,837310,Dinoflagellata,Ceratium azoricum,Ceratium azoricum,Tripos azoricus,204,Tripos,Species,
99,109931,841184,Dinoflagellata,Ceratium belone,Ceratium belone,Tripos belone,204,Tripos,Species,
100,109932,841189,Dinoflagellata,Ceratium breve,Ceratium breve,Tripos brevis,144,Tripos,Species,
101,109935,841193,Dinoflagellata,Ceratium candelabrum,Ceratium candelabrum,Tripos candelabrus,83,Tripos,Species,
102,109936,837448,Dinoflagellata,Ceratium carriense,Ceratium carriense,Tripos carriensis,1,Tripos,Species,
103,109936,837448,Dinoflagellata,Ceratium carriense,Ceratium carriense 2,Tripos carriensis,206,Tripos,Species,
104,109940,841198,Dinoflagellata,Ceratium concilians,Ceratium concilians,Tripos concilians,8,Tripos,Species,
105,109941,841200,Dinoflagellata,Ceratium contortum,Ceratium contortum,Tripos contortus,48,Tripos,Species,
106,109943,841202,Dinoflagellata,Ceratium declinatum,Ceratium declinatum,Tripos declinatus,8,Tripos,Species,
107,109947,837460,Dinoflagellata,Ceratium extensum,Ceratium extensum,Tripos extensus ,10,Tripos,Species,
108,109948,837221,Dinoflagellata,Ceratium falcatiforme,Ceratium falcatiforme,Tripos falcatiformis,151,Tripos,Species,
109,109949,837220,Dinoflagellata,Ceratium falcatum,Ceratium falcatum,Tripos falcatus,162,Tripos,Species,
110,109950,840627,Dinoflagellata,Ceratium furca,Ceratium furca,Tripos furca,205,Tripos,Species,
111,109951,840626,Dinoflagellata,Ceratium fusus,Ceratium fusus,Tripos fusus,204,Tripos,Species,
112,109953,837222,Dinoflagellata,Ceratium gibberum,Ceratium gibberum,Tripos gibberus,193,Tripos,Species,
113,109956,837453,Dinoflagellata,Ceratium horridum,Ceratium horridum,Tripos horridus,207,Tripos,Species,
114,109958,837455,Dinoflagellata,Ceratium inflatum,Ceratium inflatum,Tripos inflatus,8,Tripos,Species,
115,109960,841256,Dinoflagellata,Ceratium karstenii,Ceratium karstenii,Tripos karstenii,35,Tripos,Species,
116,109961,837456,Dinoflagellata,Ceratium kofoidii,Ceratium kofoidii,Tripos kofoidii,204,Tripos,Species,
117,109964,841259,Dinoflagellata,Ceratium longipes,Ceratium longipes,Tripos longipes,163,Tripos,Species,
118,109966,837228,Dinoflagellata,Ceratium longissimum,Ceratium longissimum,Tripos longissimus,8,Tripos,Species,
119,109968,841261,Dinoflagellata,Ceratium massiliense,Ceratium massiliense,Tripos massiliensis,1,Tripos,Species,
120,109971,495684,Dinoflagellata,Caeratium pavillardi,Caeratium pavillardi,Neoceratium pavillardii,16,Neoceratium,Species,
121,109972,841746,Dinoflagellata,Ceratium pentagonum,Ceratium pentagonum,Tripos pentagonus,1,Tripos,Species,
122,109979,841767,Dinoflagellata,Ceratium symmetricum,Ceratium symmetricum,Tripos symmetricus,1,Tripos,Species,
123,109980,1381154,Dinoflagellata,Ceratium teres,Ceratium teres,Tripos teres,220,Tripos,Species,
124,109981,842517,Dinoflagellata,Ceratium trichoceros,Ceratium trichoceros,Tripos trichoceros,1,Tripos,Species,
125,109982,495363,Dinoflagellata,Ceratium tripos ,Ceratium tripos ,Tripos muelleri ,219,Tripos,Species,3
126,109982,495363,Dinoflagellata,Ceratium tripos ,Ceratium tripos 2,Tripos muelleri ,1,Tripos,Species,3
127,109983,838205,Dinoflagellata,Ceratium vultur,Ceratium vultur,Tripos vultur,21,Tripos,Species,
128,109986,,Dinoflagellata,Ceratocorys horrida,Ceratocorys horrida,Ceratocorys horrida,157,Ceratocorys,Species,
129,110001,,Dinoflagellata,Diplopsalis lenticula,Diplopsalis lenticula,Diplopsalis lenticula,141,Diplopsalis,Species,
130,110010,,Dinoflagellata,Gonyaulax apiculata,Gonyaulax apiculata,Gonyaulax apiculata,122,Gonyaulax,Species,
131,110014,,Dinoflagellata,Gonyaulax diegensis,Gonyaulax diegensis,Gonyaulax diegensis,101,Gonyaulax,Species,
132,110015,,Dinoflagellata,Gonyaulax digitale,Gonyaulax digitale,Gonyaulax digitale,220,Gonyaulax,Species,
133,110019,,Dinoflagellata,Gonyaulax fragilis,Gonyaulax fragilis,Gonyaulax fragilis,220,Gonyaulax,Species,
134,110035,,Dinoflagellata,Gonyaulax polygramma,Gonyaulax polygramma,Gonyaulax polygramma,220,Gonyaulax,Species,
135,110041,,Dinoflagellata,Gonyaulax spinifera,Gonyaulax spinifera,Gonyaulax spinifera,220,Gonyaulax,Species,
136,110043,,Dinoflagellata,Gonyaulax turbynei,Gonyaulax turbynei,Gonyaulax turbynei,60,Gonyaulax,Species,
137,110061,,Dinoflagellata,Heterodinium cf. milneri,Heterodinium cf. milneri,Heterodinium cf. milneri,8,Heterodinium,Species,
138,110072,,Dinoflagellata,Centrodinium maximum,Centrodinium maximum,Centrodinium maximum,48,Centrodinium,Species,
139,110077,,Dinoflagellata,Corythodinium tesselatum,Corythodinium tesselatum,Corythodinium tesselatum,8,Corythodinium,Species,
140,110082,,Dinoflagellata,Oxytoxum caudatum,Oxytoxum caudatum,Oxytoxum caudatum,8,Oxytoxum,Species,
141,110094,,Dinoflagellata,Oxytoxum elegans,Oxytoxum elegans,Oxytoxum elegans,226,Oxytoxum,Species,
142,110095,233856,Dinoflagellata,Oxytoxum gigas,Oxytoxum gigas,Schuettiella mitra,8,Schuettiella,Species,
143,110097,,Dinoflagellata,Oxytoxum laticeps,Oxytoxum laticeps,Oxytoxum laticeps,63,Oxytoxum,Species,
144,110099,,Dinoflagellata,Oxytoxum longiceps,Oxytoxum longiceps,Oxytoxum longiceps,220,Oxytoxum,Species,
145,110103,,Dinoflagellata,Oxytoxum milneri,Oxytoxum milneri,Oxytoxum milneri,94,Oxytoxum,Species,
146,110107,,Dinoflagellata,Oxytoxum obliquum,Oxytoxum obliquum,Oxytoxum obliquum,12,Oxytoxum,Species,
147,110113,,Dinoflagellata,Oxytoxum reticulatum,Oxytoxum reticulatum,Oxytoxum reticulatum,220,Oxytoxum,Species,
148,110114,,Dinoflagellata,Oxytoxum sceptrum,Oxytoxum sceptrum,Oxytoxum sceptrum,11,Oxytoxum,Species,
149,110115,,Dinoflagellata,Oxytoxum scolopax,Oxytoxum scolopax,Oxytoxum scolopax,221,Oxytoxum,Species,
150,110116,,Dinoflagellata,Oxytoxum sphaeroideum,Oxytoxum sphaeroideum,Oxytoxum sphaeroideum,122,Oxytoxum,Species,
151,110122,,Dinoflagellata,Oxytoxum viride,Oxytoxum viride,Oxytoxum viride,126,Oxytoxum,Species,
152,110153,,Dinoflagellata,Heterocapsa triquetra,Heterocapsa triquetra,Heterocapsa triquetra,166,Heterocapsa,Species,
153,110172,,Dinoflagellata,Scrippsiella trochoidea,Scrippsiella trochoidea,Scrippsiella trochoidea,217,Scrippsiella,Species,
154,110175,,Dinoflagellata,Scrippsiella spinifera,Scrippsiella spinifera,Scrippsiella spinifera,220,Scrippsiella,Species,
155,110176,233840,Dinoflagellata,Scrippsiella subsalsa,Scrippsiella subsalsa,Bysmatrum subsalsum,180,Bysmatrum,Species,
156,110179,,Dinoflagellata,Blepharocysta splendor,Blepharocysta splendor,Blepharocysta splendor-maris,1,Blepharocysta,Species,4
157,110179,,Dinoflagellata,Blepharocysta splendor-maris,Blepharocysta splendor-maris,Blepharocysta splendor-maris,219,Blepharocysta,Species,4
158,110199,,Dinoflagellata,Podolampas bipes,Podolampas bipes,Podolampas bipes,168,Podolampas,Species,
159,110201,,Dinoflagellata,Podolampas elegans,Podolampas elegans,Podolampas elegans,220,Podolampas,Species,
160,110206,,Dinoflagellata,Protoperidinium avellana,Protoperidinium avellana,Protoperidinium avellana,60,Protoperidinium,Species,
161,110209,,Dinoflagellata,Protoperidinium breve,Protoperidinium breve,Protoperidinium breve,54,Protoperidinium,Species,
162,110210,,Dinoflagellata,Protoperidinium brevipes,Protoperidinium brevipes,Protoperidinium brevipes,71,Protoperidinium,Species,
163,110212,,Dinoflagellata,Protoperidinium conicoides,Protoperidinium conicoides,Protoperidinium conicoides,60,Protoperidinium,Species,
164,110213,,Dinoflagellata,Protoperidinium conicum,Protoperidinium conicum,Protoperidinium conicum,32,Protoperidinium,Species,
165,110214,,Dinoflagellata,Protoperidinium crassipes,Protoperidinium crassipes,Protoperidinium crassipes,32,Protoperidinium,Species,
166,110217,,Dinoflagellata,Protoperidinium depressum,Protoperidinium depressum,Protoperidinium depressum,133,Protoperidinium,Species,
167,110218,,Dinoflagellata,Protoperidinium diabolum,Protoperidinium diabolum,Protoperidinium diabolum,32,Protoperidinium,Species,
168,110219,,Dinoflagellata,Protoperidinium divergens,Protoperidinium divergens,Protoperidinium divergens,134,Protoperidinium,Species,
169,110222,,Dinoflagellata,Protoperidinium grande,Protoperidinium grande,Protoperidinium grande,133,Protoperidinium,Species,
170,110229,,Dinoflagellata,Protoperidinium leonis,Protoperidinium leonis,Protoperidinium leonis,54,Protoperidinium,Species,
171,110233,624607,Dinoflagellata,Protoperidinium minutum,Protoperidinium minutum,Archaeperidinium minutum,133,Archaeperidinium,Species,
172,110234,,Dinoflagellata,Protoperidinium mite,Protoperidinium mite,Protoperidinium mite,31,Protoperidinium,Species,
173,110237,,Dinoflagellata,Protoperidinium nudum,Protoperidinium nudum,Protoperidinium nudum,82,Protoperidinium,Species,
174,110238,,Dinoflagellata,Protoperidinium oblongum,Protoperidinium oblongum,Protoperidinium oblongum,31,Protoperidinium,Species,
175,110240,,Dinoflagellata,Protoperidinium oceanicum,Protoperidinium oceanicum,Protoperidinium oceanicum,134,Protoperidinium,Species,
176,110241,,Dinoflagellata,Protoperidinium ovatum,Protoperidinium ovatum,Protoperidinium ovatum,122,Protoperidinium,Species,
177,110245,,Dinoflagellata,Protoperidinium pellucidum,Protoperidinium pellucidum,Protoperidinium pellucidum,30,Protoperidinium,Species,
178,110247,,Dinoflagellata,Protoperidinium pentagonum,Protoperidinium pentagonum,Protoperidinium pentagonum,135,Protoperidinium,Species,
179,110248,,Dinoflagellata,Protoperidinium punctulatum,Protoperidinium punctulatum,Protoperidinium punctulatum,8,Protoperidinium,Species,
180,110249,,Dinoflagellata,Protoperidinium pyriforme,Protoperidinium pyriforme,Protoperidinium pyriforme,137,Protoperidinium,Species,
181,110250,,Dinoflagellata,Protoperidinium quarnerense,Protoperidinium quarnerense,Protoperidinium quarnerense,112,Protoperidinium,Species,
182,110255,,Dinoflagellata,Protoperidinium sphaericum,Protoperidinium sphaericum,Protoperidinium sphaericum,8,Protoperidinium,Species,
183,110257,,Dinoflagellata,Protoperidinium cf. steinii,Protoperidinium cf. steinii,Protoperidinium cf. steinii,11,Protoperidinium,Species,
184,110257,,Dinoflagellata,Protoperidinium steinii,Protoperidinium steinii,Protoperidinium steinii,122,Protoperidinium,Species,
185,110259,,Dinoflagellata,Protoperidinium subinerme,Protoperidinium subinerme,Protoperidinium subinerme,32,Protoperidinium,Species,
186,110277,,Dinoflagellata,Thoracosphaera heimii,Thoracosphaera heimii,Thoracosphaera heimii,233,Thoracosphaera,Species,
187,110278,,Dinoflagellata,Goniodoma acuminatum,Goniodoma acuminatum,Goniodoma acuminatum,176,Goniodoma,Species,
188,110280,,Dinoflagellata,Goniodoma sphaericum,Goniodoma sphaericum,Goniodoma sphaericum,9,Goniodoma,Species,
189,110284,624358,Dinoflagellata,Oxyphysis oxytoxoides,Oxyphysis oxytoxoides,Phalacroma oxytoxoides,178,Phalacroma,Species,
190,110292,,Dinoflagellata,Prorocentrum arcuatum,Prorocentrum arcuatum,Prorocentrum arcuatum,8,Prorocentrum,Species,
191,110293,,Dinoflagellata,Prorocentrum balticum,Prorocentrum balticum,Prorocentrum balticum,220,Prorocentrum,Species,
192,110295,447746,Dinoflagellata,Prorocentrum compressum,Prorocentrum compressum,Tryblionella compressa,220,Tryblionella,Species,
193,110300,,Dinoflagellata,Prorocentrum gracile,Prorocentrum gracile,Prorocentrum gracile,220,Prorocentrum,Species,
194,110301,,Dinoflagellata,Prorocentrum cf. lima,Prorocentrum cf. lima,Prorocentrum cf. lima,8,Prorocentrum,Species,
195,110303,,Dinoflagellata,Prorocentrum micans,Prorocentrum micans,Prorocentrum micans,269,Prorocentrum,Species,
196,110303,,Dinoflagellata,Prorocentrum micans -cyst,Prorocentrum micans -cyst,Prorocentrum micans,2,Prorocentrum,Species,
197,110304,232376,Dinoflagellata,Prorocentrum minimum,Prorocentrum minimum,Prorocentrum cordatum,220,Prorocentrum,Species,
198,110311,,Dinoflagellata,Prorocentrum rostratum,Prorocentrum rostratum,Prorocentrum rostratum,30,Prorocentrum,Species,
199,110314,,Dinoflagellata,Prorocentrum scutellum,Prorocentrum scutellum,Prorocentrum scutellum,220,Prorocentrum,Species,
200,110316,,Dinoflagellata,Prorocentrum triestinum,Prorocentrum triestinum,Prorocentrum triestinum,218,Prorocentrum,Species,
201,110327,,Dinoflagellata,Pyrocystis elegans,Pyrocystis elegans,Pyrocystis elegans,60,Pyrocystis,Species,
202,110329,,Dinoflagellata,Pyrocystis gerbaultii,Pyrocystis gerbaultii,Pyrocystis gerbaultii,83,Pyrocystis,Species,
203,110332,573782,Dinoflagellata,Pyrocystis noctiluca,Pyrocystis noctiluca,Pyrocystis pseudonoctiluca,81,Pyrocystis,Species,
204,110333,,Dinoflagellata,Pyrocystis obtusa,Pyrocystis obtusa,Pyrocystis obtusa,48,Pyrocystis,Species,
205,110334,,Dinoflagellata,Pyrocystis robusta,Pyrocystis robusta,Pyrocystis robusta,220,Pyrocystis,Species,
206,110652,,Others,Eutreptiella gymnastica,Eutreptiella gymnastica,Eutreptiella gymnastica,29,Eutreptiella,Species,
207,115057,592906,Haptophyta,Prymnesiophyta,Prymnesiophyta,Haptophyta,4,,Phylum,
208,115057,592906,Haptophyta,coccolithophorid,coccolithophorid,Haptophyta,220,,Phylum,
209,115057,592906,Haptophyta,prymnesiophyta,prymnesiophyta,Haptophyta,216,,Phylum,
210,115081,,Haptophyta,Ophiaster sp.,Ophiaster sp.,Ophiaster sp.,220,Ophiaster,Genus,
211,115083,,Haptophyta,Acanthoica sp.,Acanthoica sp.,Acanthoica sp.,220,Acanthoica,Genus,
212,115084,,Haptophyta,Syracosphaera sp.,Syracosphaera sp.,Syracosphaera sp.,220,Syracosphaera,Genus,
213,115086,,Haptophyta,Emiliana sp.,Emiliana sp.,Emiliana sp.,221,Emiliana,Genus,
214,115090,,Haptophyta,Chrysochromulina sp.,Chrysochromulina sp.,Chrysochromulina sp.,164,Chrysochromulina,Genus,
215,115099,,Haptophyta,Ophiaster hydroideus,Ophiaster hydroideus,Ophiaster hydroideus,180,Ophiaster,Species,
216,115104,,Haptophyta,Emiliania huxleyi,Emiliania huxleyi,Emiliania huxleyi,70,Emiliania,Species,
217,118014,,Others,Ebria sp.,Ebria sp.,Ebria sp.,8,Ebria,Genus,
218,118051,,Others,Ebria tripartita,Ebria tripartita,Ebria tripartita,202,Ebria,Species,
219,134526,,Others,Tetraselmis sp.,Tetraselmis sp.,Tetraselmis sp.,220,Tetraselmis,Genus,
220,134529,,Others,Pyramimonas sp.,Pyramimonas sp.,Pyramimonas sp.,86,Pyramimonas,Genus,
221,146173,,Dinoflagellata,Pronoctiluca phaeocysticola,Pronoctiluca phaeocysticola,Pronoctiluca phaeocysticola,21,Pronoctiluca,Species,
222,146198,,Haptophyta,Papposphaera sp.,Papposphaera sp.,Papposphaera sp.,48,Papposphaera,Genus,
223,146203,,Dinoflagellata,dinoflagellate,dinoflagellate,Dinoflagellata,1,,Infraphylum,
224,146203,,Dinoflagellata,dinoflagellate -A,dinoflagellate -A,Dinoflagellata,412,,Infraphylum,
225,146203,,Dinoflagellata,dinoflagellate -armored,dinoflagellate -armored,Dinoflagellata,220,,Infraphylum,
226,146203,,Dinoflagellata,dinoflagellate -armored chain,dinoflagellate -armored chain,Dinoflagellata,270,,Infraphylum,
227,146203,,Dinoflagellata,dinoflagellate -armored small,dinoflagellate -armored small,Dinoflagellata,9,,Infraphylum,
228,146203,,Dinoflagellata,dinoflagellate -chain,dinoflagellate -chain,Dinoflagellata,58,,Infraphylum,
229,146203,,Dinoflagellata,dinoflagellate -naked,dinoflagellate -naked,Dinoflagellata,221,,Infraphylum,
230,146203,,Dinoflagellata,dinoflagellate -naked 2,dinoflagellate -naked 2,Dinoflagellata,201,,Infraphylum,
231,146203,,Dinoflagellata,dinoflagellate -naked chain,dinoflagellate -naked chain,Dinoflagellata,163,,Infraphylum,
232,146203,,Dinoflagellata,dinoflagellate -naked internal star,dinoflagellate -naked internal star,Dinoflagellata,10,,Infraphylum,
233,146203,,Dinoflagellata,dinoflagellate -naked large,dinoflagellate -naked large,Dinoflagellata,114,,Infraphylum,
234,146203,,Dinoflagellata,dinoflagellate -naked large 3,dinoflagellate -naked large 3,Dinoflagellata,1,,Infraphylum,
235,146203,,Dinoflagellata,dinoflagellate -naked w/star,dinoflagellate -naked w/star,Dinoflagellata,1,,Infraphylum,
236,146222,,Others,flagellate,flagellate,Flagellates,10,,Phylum,
237,146222,,Others,flagellate -colonial,flagellate -colonial,Flagellates,3,,Phylum,
238,146222,,Others,flagellate -green,flagellate -green,Flagellates,25,,Phylum,
239,146537,,Cyanobacteria,cyanobacteria -Synechococcus like,cyanobacteria -Synechococcus like,Cyanobacteria,8,,Phylum,
240,146537,,Cyanobacteria,cyanobacteria -Synechocystis like,cyanobacteria -Synechocystis like,Cyanobacteria,1,,Phylum,
241,146537,,Cyanobacteria,cyanobacteria -coccoid,cyanobacteria -coccoid,Cyanobacteria,68,,Phylum,
242,146537,,Cyanobacteria,cyanobacteria -colonial,cyanobacteria -colonial,Cyanobacteria,152,,Phylum,
243,146537,,Cyanobacteria,cyanobacteria -filaments,cyanobacteria -filaments,Cyanobacteria,220,,Phylum,
244,146538,,Cyanobacteria,Lyngbya sp.,Lyngbya sp.,Lyngbya sp.,220,Lyngbya,Genus,
245,146541,,Cyanobacteria,Spirulina sp.,Spirulina sp.,Spirulina sp.,8,Spirulina,Genus,
246,146545,,Cyanobacteria,Merismopedia sp.,Merismopedia sp.,Merismopedia sp.,220,Merismopedia,Genus,
247,146549,,Cyanobacteria,Oscillatoria sp.,Oscillatoria sp.,Oscillatoria sp.,68,Oscillatoria,Genus,
248,146557,,Cyanobacteria,Microcystis sp.,Microcystis sp.,Microcystis sp.,8,Microcystis,Genus,
249,146558,,Cyanobacteria,Microcystis aeruginosa,Microcystis aeruginosa,Microcystis aeruginosa,21,Microcystis,Species,
250,146565,,Cyanobacteria,Chroococcus sp.,Chroococcus sp.,Chroococcus sp.,21,Chroococcus,Genus,
251,146585,,Cyanobacteria,Anabaena sp.,Anabaena sp.,Anabaena sp.,220,Anabaena,Genus,
252,146602,,Cyanobacteria,Gloeocapsa sp.,Gloeocapsa sp.,Gloeocapsa sp.,13,Gloeocapsa,Genus,
253,146655,,Cyanobacteria,Schizothrix sp.,Schizothrix sp.,Schizothrix sp.,220,Schizothrix,Genus,
254,148899,,Bacillariophyceae,diatom,diatom,Bacillariophyceae,4,,Superorder,
255,148899,,Bacillariophyceae,diatom -X,diatom -X,Bacillariophyceae,219,,Superorder,
256,148899,,Bacillariophyceae,diatom -centric,diatom -centric,Bacillariophyceae,219,,Superorder,
257,148899,,Bacillariophyceae,diatom -centric paired,diatom -centric paired,Bacillariophyceae,219,,Superorder,
258,148899,,Bacillariophyceae,diatom -centric small,diatom -centric small,Bacillariophyceae,269,,Superorder,
259,148899,,Bacillariophyceae,diatom -chains,diatom -chains,Bacillariophyceae,217,,Superorder,
260,148899,,Bacillariophyceae,diatom -large pennate,diatom -large pennate,Bacillariophyceae,152,,Superorder,
261,148899,,Bacillariophyceae,diatom -pennate,diatom -pennate,Bacillariophyceae,155,,Superorder,
262,148899,,Bacillariophyceae,diatom -pennate large,diatom -pennate large,Bacillariophyceae,68,,Superorder,
263,148899,,Bacillariophyceae,diatom -small,diatom -small,Bacillariophyceae,219,,Superorder,
264,148905,,Bacillariophyceae,Cyclotella sp.,Cyclotella sp.,Cyclotella sp.,220,Cyclotella,Genus,
265,148911,,Bacillariophyceae,Cyclotella striata,Cyclotella striata,Cyclotella striata,220,Cyclotella,Species,
266,148912,,Bacillariophyceae,Thalassiosira sp.,Thalassiosira sp.,Thalassiosira sp.,301,Thalassiosira,Genus,
267,148912,,Bacillariophyceae,Thalassiosira sp. -3,Thalassiosira sp. -3,Thalassiosira sp.,1,Thalassiosira,Genus,
268,148912,,Bacillariophyceae,Thalassiosira sp. -3 small,Thalassiosira sp. -3 small,Thalassiosira sp.,218,Thalassiosira,Genus,
269,148912,,Bacillariophyceae,Thalassiosira sp. -A,Thalassiosira sp. -A,Thalassiosira sp.,219,Thalassiosira,Genus,
270,148912,,Bacillariophyceae,Thalassiosira sp. -B,Thalassiosira sp. -B,Thalassiosira sp.,219,Thalassiosira,Genus,
271,148912,,Bacillariophyceae,Thalassiosira sp. -X,Thalassiosira sp. -X,Thalassiosira sp.,219,Thalassiosira,Genus,
272,148912,,Bacillariophyceae,Thalassiosira sp. -b,Thalassiosira sp. -b,Thalassiosira sp.,1,Thalassiosira,Genus,
273,148912,,Bacillariophyceae,Thalassiosira sp. -large,Thalassiosira sp. -large,Thalassiosira sp.,168,Thalassiosira,Genus,
274,148912,,Bacillariophyceae,Thalassiosira sp. -large B,Thalassiosira sp. -large B,Thalassiosira sp.,1,Thalassiosira,Genus,
275,148912,,Bacillariophyceae,Thalassiosira sp. -small,Thalassiosira sp. -small,Thalassiosira sp.,220,Thalassiosira,Genus,
276,148912,,Bacillariophyceae,Thalassiosira sp. -small 3,Thalassiosira sp. -small 3,Thalassiosira sp.,1,Thalassiosira,Genus,
277,148914,964359,Bacillariophyceae,Thalassiosira anguste-lineata,Thalassiosira anguste-lineata,Coscinodiscus angustelineatus ,220,Coscinodiscus,Species,
278,148917,,Bacillariophyceae,Coscinodiscus sp.,Coscinodiscus sp.,Coscinodiscus sp.,220,Coscinodiscus,Genus,
279,148919,,Bacillariophyceae,Thalassiosira decipiens,Thalassiosira decipiens,Thalassiosira decipiens,164,Thalassiosira,Species,
280,148922,,Bacillariophyceae,Thalassiosira eccentrica,Thalassiosira eccentrica,Thalassiosira eccentrica,220,Thalassiosira,Species,
281,148926,,Bacillariophyceae,Coscinosira sp.,Coscinosira sp.,Coscinosira sp.,220,Coscinosira,Genus,
282,148932,,Bacillariophyceae,Thalassiosira cf. pacifica,Thalassiosira cf. pacifica,Thalassiosira cf. pacifica,176,Thalassiosira,Species,
283,148942,,Bacillariophyceae,Thalassiosira rotula,Thalassiosira rotula,Thalassiosira gravida,220,Thalassiosira,Species,
284,148963,,Bacillariophyceae,Odontella sp.,Odontella sp.,Odontella sp.,220,Odontella,Genus,
285,148980,,Bacillariophyceae,Porosira sp.,Porosira sp.,Porosira sp.,220,Porosira,Genus,
286,148985,,Bacillariophyceae,Chaetoceros sp.,Chaetoceros sp.,Chaetoceros sp.,1,Chaetoceros,Genus,
287,148985,,Bacillariophyceae,Chaetoceros sp. -2,Chaetoceros sp. -2,Chaetoceros sp.,241,Chaetoceros,Genus,
288,148985,,Bacillariophyceae,Chaetoceros sp. -3,Chaetoceros sp. -3,Chaetoceros sp.,170,Chaetoceros,Genus,
289,148985,,Bacillariophyceae,Chaetoceros sp. -Z,Chaetoceros sp. -Z,Chaetoceros sp.,209,Chaetoceros,Genus,
290,148985,,Bacillariophyceae,Chaetoceros sp. -crossed setae,Chaetoceros sp. -crossed setae,Chaetoceros sp.,488,Chaetoceros,Genus,
291,148985,,Bacillariophyceae,Chaetoceros sp. -large,Chaetoceros sp. -large,Chaetoceros sp.,150,Chaetoceros,Genus,
292,148989,,Bacillariophyceae,Cocconeis sp.,Cocconeis sp.,Cocconeis sp.,219,Cocconeis,Genus,
293,149004,,Bacillariophyceae,Cylindrotheca closterium,Cylindrotheca closterium,Cylindrotheca closterium,223,Cylindrotheca,Species,
294,149018,,Bacillariophyceae,Diploneis sp.,Diploneis sp.,Diploneis sp.,220,Diploneis,Genus,
295,149023,,Bacillariophyceae,Ditylum brightwellii,Ditylum brightwellii,Ditylum brightwellii,221,Ditylum,Species,
296,149028,,Bacillariophyceae,Fragilaria sp.,Fragilaria sp.,Fragilaria sp.,177,Fragilaria,Genus,
297,149033,,Bacillariophyceae,Gyrosigma sp.,Gyrosigma sp.,Gyrosigma sp.,220,Gyrosigma,Genus,
298,149039,,Bacillariophyceae,Leptocylindrus minimus,Leptocylindrus minimus,Leptocylindrus minimus,221,Leptocylindrus,Species,
299,149042,,Bacillariophyceae,Melosira sp.,Melosira sp.,Melosira sp.,219,Melosira,Genus,
300,149042,,Bacillariophyceae,Melosira sp. ,Melosira sp. ,Melosira sp.,1,Melosira,Genus,
301,149045,341379,Bacillariophyceae,Nitzschia cf. sicula,Nitzschia cf. sicula,Nitzschia sicula,220,Nitzschia,Species,
302,149045,,Bacillariophyceae,Nitzschia sp.,Nitzschia sp.,Nitzschia sp.,219,Nitzschia,Genus,
303,149045,,Bacillariophyceae,Nitzschia sp. -2,Nitzschia sp. -2,Nitzschia sp.,221,Nitzschia,Genus,
304,149045,,Bacillariophyceae,Nitzschia sp. -3,Nitzschia sp. -3,Nitzschia sp.,8,Nitzschia,Genus,
305,149050,,Bacillariophyceae,Odontella aurita,Odontella aurita,Odontella aurita,220,Odontella,Species,
306,149055,,Bacillariophyceae,Paralia sulcata,Paralia sulcata,Paralia sulcata,220,Paralia,Species,
307,149069,,Bacillariophyceae,Rhizosolenia sp.,Rhizosolenia sp.,Rhizosolenia sp.,220,Rhizosolenia,Genus,
308,149070,,Bacillariophyceae,Rhizosolenia hebetata,Rhizosolenia hebetata,Rhizosolenia hebetata,221,Rhizosolenia,Species,
309,149074,,Bacillariophyceae,Skeletonema costatum,Skeletonema costatum,Skeletonema costatum,221,Skeletonema,Species,
310,149084,,Bacillariophyceae,Surirella sp.,Surirella sp.,Surirella sp.,8,Surirella,Genus,
311,149092,,Bacillariophyceae,Thalassionema sp.,Thalassionema sp.,Thalassionema sp.,163,Thalassionema,Genus,
312,149093,,Bacillariophyceae,Thalassionema nitzschioides,Thalassionema nitzschioides,Thalassionema nitzschioides,220,Thalassionema,Species,
313,149094,,Bacillariophyceae,Odontella regia,Odontella regia,Odontella regia,60,Odontella,Species,
314,149095,148969,Bacillariophyceae,Odontella sinensis,Odontella sinensis,Biddulphia sinensis,220,Biddulphia,Species,
315,149100,,Bacillariophyceae,Thalassiosira hyalina,Thalassiosira hyalina,Thalassiosira hyalina,228,Thalassiosira,Species,
316,149101,,Bacillariophyceae,Thalassiosira subtilis,Thalassiosira subtilis,Thalassiosira subtilis,220,Thalassiosira,Species,
317,149102,,Bacillariophyceae,Thalassiosira gravida,Thalassiosira gravida,Thalassiosira gravida,220,Thalassiosira,Species,
318,149106,,Bacillariophyceae,Leptocylindrus danicus,Leptocylindrus danicus,Leptocylindrus danicus,221,Leptocylindrus,Species,
319,149111,,Bacillariophyceae,Guinardia sp.,Guinardia sp.,Guinardia sp.,171,Guinardia,Genus,
320,149112,149114,Bacillariophyceae,Guinardia delicatula,Guinardia delicatula,Rhizosolenia delicatula,221,Rhizosolenia,Species,
321,149113,163243,Bacillariophyceae,Guinardia striata,Guinardia striata,Eucampia striata,221,Eucampia,Species,
322,149114,,Bacillariophyceae,Rhizosolenia delicatula,Rhizosolenia delicatula,Rhizosolenia delicatula ,51,Rhizosolenia,Species,
323,149115,1590706,Bacillariophyceae,Rhizosolenia setigera,Rhizosolenia setigera,Sundstroemia setigera,221,Sundstroemia,Species,
324,149116,,Bacillariophyceae,Rhizosolenia imbricata,Rhizosolenia imbricata,Rhizosolenia imbricata,220,Rhizosolenia,Species,
325,149118,,Bacillariophyceae,Bacteriastrum sp.,Bacteriastrum sp.,Bacteriastrum sp.,221,Bacteriastrum,Genus,
326,149119,,Bacillariophyceae,Bacteriastrum hyalinum,Bacteriastrum hyalinum,Bacteriastrum hyalinum,220,Bacteriastrum,Species,
327,149120,,Bacillariophyceae,Chaetoceros danicus,Chaetoceros danicus,Chaetoceros danicus,220,Chaetoceros,Species,
328,149122,,Bacillariophyceae,Chaetoceros didymus,Chaetoceros didymus,Chaetoceros didymus,220,Chaetoceros,Species,
329,149123,,Bacillariophyceae,Chaetoceros socialis,Chaetoceros socialis,Chaetoceros socialis,220,Chaetoceros,Species,
330,149125,,Bacillariophyceae,Chaetoceros teres,Chaetoceros teres,Chaetoceros teres,221,Chaetoceros,Species,
331,149126,,Bacillariophyceae,Chaetoceros decipiens,Chaetoceros decipiens,Chaetoceros decipiens,229,Chaetoceros,Species,
332,149128,,Bacillariophyceae,Chaetoceros diadema,Chaetoceros diadema,Chaetoceros diadema,177,Chaetoceros,Species,
333,149129,,Bacillariophyceae,Chaetoceros compressus,Chaetoceros compressus,Chaetoceros compressus,220,Chaetoceros,Species,
334,149130,,Bacillariophyceae,Eucampia sp.,Eucampia sp.,Eucampia sp.,163,Eucampia,Genus,
335,149131,,Bacillariophyceae,Eucampia zodiacus,Eucampia zodiacus,Eucampia zodiacus,221,Eucampia,Species,
336,149132,,Bacillariophyceae,Guinardia flaccida,Guinardia flaccida,Guinardia flaccida,221,Guinardia,Species,
337,149135,,Bacillariophyceae,Lauderia annulata,Lauderia annulata,Lauderia annulata,221,Lauderia,Species,
338,149138,,Bacillariophyceae,Asterionellopsis sp.,Asterionellopsis sp.,Asterionellopsis sp.,176,Asterionellopsis,Genus,
339,149139,,Bacillariophyceae,Asterionellopsis glacialis,Asterionellopsis glacialis,Asterionellopsis glacialis,219,Asterionellopsis,Species,
340,149142,,Bacillariophyceae,Navicula sp.,Navicula sp.,Navicula sp.,221,Navicula,Genus,
341,149142,,Bacillariophyceae,Navicula sp. -small,Navicula sp. -small,Navicula sp.,220,Navicula,Genus,
342,149143,156568,Bacillariophyceae,Navicula distans,Navicula distans,Pinnularia distans ,220,Pinnularia,Species,
343,149145,149232,Bacillariophyceae,Meuniera membranacea,Meuniera membranacea,Navicula membranacea,214,Navicula,Species,
344,149150,,Bacillariophyceae,Nitzschia longissima,Nitzschia longissima,Nitzschia longissima,221,Nitzschia,Species,
345,149151,,Bacillariophyceae,Pseudo-nitzschia sp.,Pseudo-nitzschia sp.,Pseudo-nitzschia sp.,221,Pseudo-nitzschia,Genus,
346,149152,,Bacillariophyceae,Pseudo-nitzschia seriata,Pseudo-nitzschia seriata,Pseudo-nitzschia seriata,220,Pseudo-nitzschia,Species,
347,149159,,Bacillariophyceae,Coscinodiscus centralis,Coscinodiscus centralis,Coscinodiscus centralis,220,Coscinodiscus,Species,
348,149161,,Bacillariophyceae,Schroederella sp.,Schroederella sp.,Schroederella sp.,163,Schroederella,Genus,
349,149168,,Bacillariophyceae,Proboscia alata,Proboscia alata,Proboscia alata,221,Proboscia,Species,
350,149176,,Bacillariophyceae,Striatella sp.,Striatella sp.,Striatella sp.,176,Striatella,Genus,
351,149177,573470,Bacillariophyceae,Striatella unipunctata,Striatella unipunctata,Fragilaria unipunctata,101,Fragilaria,Species,
352,149181,,Bacillariophyceae,Pleurosigma sp.,Pleurosigma sp.,Pleurosigma sp.,220,Pleurosigma,Genus,
353,149183,,Bacillariophyceae,Pleurosigma angulatum,Pleurosigma angulatum,Pleurosigma angulatum,54,Pleurosigma,Species,
354,149186,,Bacillariophyceae,Synedra sp.,Synedra sp.,Synedra sp.,220,Synedra,Genus,
355,149191,,Bacillariophyceae,Achnanthes sp.,Achnanthes sp.,Achnanthes sp.,162,Achnanthes,Genus,
356,149194,,Bacillariophyceae,Diploneis bombus,Diploneis bombus,Diploneis bombus,220,Diploneis,Species,
357,149200,,Bacillariophyceae,Amphora sp.,Amphora sp.,Amphora sp.,219,Amphora,Genus,
358,149210,,Bacillariophyceae,Haslea sp.,Haslea sp.,Haslea sp.,8,Haslea,Genus,
359,149213,,Bacillariophyceae,Nitzschia sigma,Nitzschia sigma,Nitzschia sigma,220,Nitzschia,Species,
360,149219,,Bacillariophyceae,Chaetoceros debilis,Chaetoceros debilis,Chaetoceros debilis,220,Chaetoceros,Species,
361,149220,,Bacillariophyceae,Asterionella japonica,Asterionella japonica,Asterionella japonica,124,Asterionella,Species,
362,149221,,Bacillariophyceae,Chaetoceros curvisetus,Chaetoceros curvisetus,Chaetoceros curvisetus,221,Chaetoceros,Species,
363,149228,,Bacillariophyceae,Chaetoceros laciniosus,Chaetoceros laciniosus,Chaetoceros laciniosus,221,Chaetoceros,Species,
364,149230,163261,Bacillariophyceae,Leptocylindrus mediterraneus,Leptocylindrus mediterraneus,Lauderia mediterranea,220,Lauderia,Species,
365,149232,149145,Bacillariophyceae,Navicula membranacea,Navicula membranacea,Meuniera membranacea,82,Meuniera,Species,
366,149233,,Bacillariophyceae,Lauderia borealis,Lauderia borealis,Lauderia borealis,69,Lauderia,Species,
367,149237,149619,Bacillariophyceae,Cerataulina bergonii,Cerataulina bergonii,Cerataulina pelagica,65,Cerataulina,Species,
368,149238,,Bacillariophyceae,Chaetoceros pelagicus,Chaetoceros pelagicus,Chaetoceros pelagicus,220,Chaetoceros,Species,
369,149241,,Bacillariophyceae,Chaetoceros affinis,Chaetoceros affinis,Chaetoceros affinis,221,Chaetoceros,Species,
370,149255,163451,Bacillariophyceae,Coscinosira polychorda,Coscinosira polychorda,Coscinodiscus polychordus,176,Coscinodiscus,Species,
371,149268,,Bacillariophyceae,Coscinodiscus nitidus,Coscinodiscus nitidus,Coscinodiscus nitidus,220,Coscinodiscus,Species,
372,149271,,Bacillariophyceae,Coscinodiscus granii,Coscinodiscus granii,Coscinodiscus granii,220,Coscinodiscus,Species,
373,149272,,Bacillariophyceae,Coscinodiscus perforatus,Coscinodiscus perforatus,Coscinodiscus perforatus,220,Coscinodiscus,Species,
374,149288,,Bacillariophyceae,Chaetoceros atlanticus,Chaetoceros atlanticus,Chaetoceros atlanticus,220,Chaetoceros,Species,
375,149289,,Bacillariophyceae,Chaetoceros costatus,Chaetoceros costatus,Chaetoceros costatus,220,Chaetoceros,Species,
376,149292,,Bacillariophyceae,Chaetoceros anastomosans,Chaetoceros anastomosans,Chaetoceros anastomosans,175,Chaetoceros,Species,
377,149305,,Bacillariophyceae,Bellerochea sp.,Bellerochea sp.,Bellerochea sp.,81,Bellerochea,Genus,
378,149306,447730,Bacillariophyceae,Bellerochea malleus,Bellerochea malleus,Bellerochea horologicalis,60,Bellerochea,Species,
379,149309,,Bacillariophyceae,Dactyliosolen sp.,Dactyliosolen sp.,Dactyliosolen sp.,220,Dactyliosolen,Genus,
380,149310,,Bacillariophyceae,Dactyliosolen fragilissimus,Dactyliosolen fragilissimus,Dactyliosolen fragilissimus,220,Dactyliosolen,Species,
381,149311,978230,Bacillariophyceae,Rhizosolenia robusta,Rhizosolenia robusta,Rhizosolenia robusta,220,Rhizosolenia,Species,
382,149313,,Bacillariophyceae,Fragilariopsis sp.,Fragilariopsis sp.,Fragilariopsis sp.,160,Fragilariopsis,Genus,
383,149314,,Bacillariophyceae,Plagiogramma sp.,Plagiogramma sp.,Plagiogramma sp.,220,Plagiogramma,Genus,
384,149328,,Bacillariophyceae,Cerataulus sp.,Cerataulus sp.,Cerataulus sp.,207,Cerataulus,Genus,
385,149335,,Bacillariophyceae,Grammatophora sp.,Grammatophora sp.,Grammatophora sp.,220,Grammatophora,Genus,
386,149338,,Bacillariophyceae,Grammatophora marina,Grammatophora marina,Grammatophora marina,220,Grammatophora,Species,
387,149340,,Bacillariophyceae,Grammatophora serpentina,Grammatophora serpentina,Grammatophora serpentina,220,Grammatophora,Species,
388,149357,,Bacillariophyceae,Campylosira cymbelliformis,Campylosira cymbelliformis,Campylosira cymbelliformis,124,Campylosira,Species,
389,149369,163837,Bacillariophyceae,Synedra gaillonii,Synedra gaillonii,Tabularia gaillonii,220,Tabularia,Species,
390,149396,,Bacillariophyceae,Diploneis crabro,Diploneis crabro,Diploneis crabro,220,Diploneis,Species,
391,149402,,Bacillariophyceae,Eunotia sp.,Eunotia sp.,Eunotia sp.,122,Eunotia,Genus,
392,149430,,Bacillariophyceae,Navicula lyra,Navicula lyra,Navicula lyra,128,Navicula,Species,
393,149467,,Bacillariophyceae,Navicula cf. directa,Navicula cf. directa,Navicula cf. directa,163,Navicula,Species,
394,149468,,Bacillariophyceae,Navicula cancellata,Navicula cancellata,Navicula cancellata,220,Navicula,Species,
395,149504,149182,Bacillariophyceae,Pleurosigma affine,Pleurosigma affine,Pleurosigma normanii,127,Pleurosigma,Species,
396,149516,,Bacillariophyceae,Plagiotropis sp.,Plagiotropis sp.,Plagiotropis sp.,84,Plagiotropis,Genus,
397,149519,149517,Bacillariophyceae,Tropidoneis lepidoptera,Tropidoneis lepidoptera,Plagiotropis lepidoptera,125,Plagiotropis,Species,
398,149530,,Bacillariophyceae,Amphora laevis,Amphora laevis,Amphora laevis,101,Amphora,Species,
399,149588,,Bacillariophyceae,Nitzschia socialis,Nitzschia socialis,Nitzschia socialis,66,Nitzschia,Species,
400,149591,,Bacillariophyceae,Nitzschia angularis,Nitzschia angularis,Nitzschia angularis,87,Nitzschia,Species,
401,149595,,Bacillariophyceae,Nitzschia recta,Nitzschia recta,Nitzschia recta,220,Nitzschia,Species,
402,149597,,Bacillariophyceae,Nitzschia lanceolata,Nitzschia lanceolata,Nitzschia lanceolata,220,Nitzschia,Species,
403,149615,,Bacillariophyceae,Surirella fastuosa,Surirella fastuosa,Surirella fastuosa,13,Surirella,Species,
404,149616,,Bacillariophyceae,Campylodiscus sp.,Campylodiscus sp.,Campylodiscus sp.,220,Campylodiscus,Genus,
405,149618,,Bacillariophyceae,Asterionellopsis kariana,Asterionellopsis kariana,Asterionellopsis kariana,128,Asterionellopsis,Species,
406,149619,,Bacillariophyceae,Cerataulina pelagica,Cerataulina pelagica,Cerataulina pelagica,363,Cerataulina,Species,
407,149629,,Bacillariophyceae,Rhizosolenia styliformis,Rhizosolenia styliformis,Rhizosolenia styliformis,221,Rhizosolenia,Species,
408,149631,,Bacillariophyceae,Stephanopyxis turris,Stephanopyxis turris,Stephanopyxis turris,220,Stephanopyxis,Species,
409,149647,,Bacillariophyceae,Detonula pumila,Detonula pumila,Detonula pumila,163,Detonula,Species,
410,149655,985653,Bacillariophyceae,Biddulphia cf. alternans,Biddulphia cf. alternans,Triceratium cf. alternans,163,Triceratium,Species,
411,156505,,Dinoflagellata,Phalacroma rotundatum,Phalacroma rotundatum,Phalacroma rotundatum,40,Phalacroma,Species,
412,156537,163624,Bacillariophyceae,Achnanthes cf. taeniata,Achnanthes cf. taeniata,Pauliella cf. taeniata,156,Pauliella,Species,
413,156548,,Bacillariophyceae,Pseudo-nitzschia pseudodelicatissima,Pseudo-nitzschia pseudodelicatissima,Pseudo-nitzschia pseudodelicatissima,221,Pseudo-nitzschia,Species,
414,156580,,Bacillariophyceae,Pleurosigma formosum,Pleurosigma formosum,Pleurosigma formosum,48,Pleurosigma,Species,
415,156607,,Bacillariophyceae,Chaetoceros concavicornis,Chaetoceros concavicornis,Chaetoceros concavicornis,220,Chaetoceros,Species,
416,156609,,Bacillariophyceae,Chaetoceros constrictum,Chaetoceros constrictum,Chaetoceros constrictus,1,Chaetoceros,Species,5
417,156609,,Bacillariophyceae,Chaetoceros constrictus,Chaetoceros constrictus,Chaetoceros constrictus,219,Chaetoceros,Species,5
418,156611,,Bacillariophyceae,Chaetoceros convolutus,Chaetoceros convolutus,Chaetoceros convolutus,122,Chaetoceros,Species,
419,156615,,Bacillariophyceae,Chaetoceros karianus,Chaetoceros karianus,Chaetoceros karianus,71,Chaetoceros,Species,
420,156617,,Bacillariophyceae,Chaetoceros lorenzianus,Chaetoceros lorenzianus,Chaetoceros lorenzianus,221,Chaetoceros,Species,
421,156621,,Bacillariophyceae,Chaetoceros subtilis,Chaetoceros subtilis,Chaetoceros subtilis,220,Chaetoceros,Species,
422,156623,,Bacillariophyceae,Chaetoceros tenuissimus,Chaetoceros tenuissimus,Chaetoceros tenuissimus,175,Chaetoceros,Species,
423,156629,,Bacillariophyceae,Coscinodiscus marginatus,Coscinodiscus marginatus,Coscinodiscus marginatus,8,Coscinodiscus,Species,
424,156632,,Bacillariophyceae,Coscinodiscus wailesii,Coscinodiscus wailesii,Coscinodiscus wailesii,127,Coscinodiscus,Species,
425,157062,,Bacillariophyceae,Licmophora abbreviata,Licmophora abbreviata,Licmophora abbreviata,122,Licmophora,Species,
426,157083,,Bacillariophyceae,Thalassiothrix longissima,Thalassiothrix longissima,Thalassiothrix longissima,21,Thalassiothrix,Species,
427,157428,,Bacillariophyceae,Entomoneis alata,Entomoneis alata,Entomoneis alata,162,Entomoneis,Species,
428,157428,,Bacillariophyceae,Entomoneis alata ,Entomoneis alata ,Entomoneis alata,1,Entomoneis,Species,
429,157430,,Bacillariophyceae,Eucampia groenlandica,Eucampia groenlandica,Eucampia groenlandica,177,Eucampia,Species,
430,157440,,Bacillariophyceae,Helicotheca tamesis,Helicotheca tamesis,Helicotheca tamesis,221,Helicotheca,Species,
431,157463,,Others,Dictyocha fibula,Dictyocha fibula,Dictyocha fibula,220,Dictyocha,Species,
432,160511,109921,Dinoflagellata,Noctiluca miliaris,Noctiluca miliaris,Noctiluca scintillans,107,Noctiluca,Species,
433,160523,,Bacillariophyceae,Chaetoceros lauderi,Chaetoceros lauderi,Chaetoceros lauderi,220,Chaetoceros,Species,
434,160528,,Bacillariophyceae,Pseudo-nitzschia pungens,Pseudo-nitzschia pungens,Pseudo-nitzschia pungens,220,Pseudo-nitzschia,Species,
435,160554,,Others,Distephanus sp.,Distephanus sp.,Distephanus sp.,44,Distephanus,Genus,
436,160557,1382182,Dinoflagellata,Gyrodinium glaucum,Gyrodinium glaucum,Lebouridinium glaucum,24,Lebouridinium,Species,
437,160572,,Cyanobacteria,Synechococcus sp.,Synechococcus sp.,Synechococcus sp.,220,Synechococcus,Genus,
438,160602,,Chlorophyte,Scenedesmus sp.,Scenedesmus sp.,Scenedesmus sp.,8,Scenedesmus,Genus,
439,162255,,Bacillariophyceae,Asteromphalus flabellatus,Asteromphalus flabellatus,Asteromphalus flabellatus,220,Asteromphalus,Species,
440,162385,,Cyanobacteria,Arthrospira sp.,Arthrospira sp.,Arthrospira sp.,8,Arthrospira,Genus,
441,162544,232546,Dinoflagellata,Gymnodinium sanguineum,Gymnodinium sanguineum,Akashiwo sanguinea,212,Akashiwo,Species,
442,162728,,Others,Staurastrum sp.,Staurastrum sp.,Staurastrum sp.,81,Staurastrum,Genus,
443,162749,,Dinoflagellata,Protoperidinium cerasus,Protoperidinium cerasus,Protoperidinium cerasus,41,Protoperidinium,Species,
444,162916,,Bacillariophyceae,Bacteriastrum elongatum,Bacteriastrum elongatum,Bacteriastrum elongatum,220,Bacteriastrum,Species,
445,162923,,Bacillariophyceae,Bacterosira sp.,Bacterosira sp.,Bacterosira sp.,167,Bacterosira,Genus,
446,163047,,Bacillariophyceae,Chaetoceros subsecundus,Chaetoceros subsecundus,Chaetoceros subsecundus,122,Chaetoceros,Species,
447,163055,,Bacillariophyceae,Chaetoceros protuberans,Chaetoceros protuberans,Chaetoceros protuberans,34,Chaetoceros,Species,
448,163063,,Bacillariophyceae,Chaetoceros cf. holsaticus,Chaetoceros cf. holsaticus,Chaetoceros cf. holsaticus,173,Chaetoceros,Species,
449,163063,,Bacillariophyceae,Chaetoceros holsaticus,Chaetoceros holsaticus,Chaetoceros holsaticus,4,Chaetoceros,Species,
450,163112,,Bacillariophyceae,Chaetoceros radicans,Chaetoceros radicans,Chaetoceros radicans,220,Chaetoceros,Species,
451,163140,,Bacillariophyceae,Miraltia sp.,Miraltia sp.,Miraltia sp.,76,Miraltia,Genus,
452,163161,,Bacillariophyceae,Chaetoceros tortissimus,Chaetoceros tortissimus,Chaetoceros tortissimus,220,Chaetoceros,Species,
453,163166,,Bacillariophyceae,Chaetoceros fallax,Chaetoceros fallax,Chaetoceros fallax,163,Chaetoceros,Species,
454,163229,149647,Bacillariophyceae,Lauderia shroederii,Lauderia shroederii,Detonula pumila,219,Detonula,Species,
455,163231,149647,Bacillariophyceae,Schroederella delicatula,Schroederella delicatula,Detonula pumila,165,Detonula,Species,
456,163241,163242,Bacillariophyceae,Guinardia cylindrus,Guinardia cylindrus,Rhizosolenia cylindrus,220,Rhizosolenia,Species,
457,163242,,Bacillariophyceae,Rhizosolenia cylindrus,Rhizosolenia cylindrus,Rhizosolenia cylindrus,122,Rhizosolenia,Species,
458,163247,,Others,Trachelomonas sp.,Trachelomonas sp.,Trachelomonas sp.,21,Trachelomonas,Genus,
459,163249,,Bacillariophyceae,Hemiaulus hauckii,Hemiaulus hauckii,Hemiaulus hauckii,220,Hemiaulus,Species,
460,163250,,Bacillariophyceae,Hemiaulus sinensis,Hemiaulus sinensis,Hemiaulus sinensis,220,Hemiaulus,Species,
461,163262,163261,Bacillariophyceae,Dactyliosolen mediterraneus,Dactyliosolen mediterraneus,Lauderia mediterranea,208,Lauderia,Species,
462,163344,,Bacillariophyceae,Pseudosolenia calcar-avis,Pseudosolenia calcar-avis,Pseudosolenia calcar-avis,10,Pseudosolenia,Species,
463,163712,,Bacillariophyceae,Synedra fulgens,Synedra fulgens,Synedra fulgens,122,Synedra,Species,
464,163736,,Bacillariophyceae,Bleakeleya notata,Bleakeleya notata,Bleakeleya notata,220,Bleakeleya,Species,
465,163820,663873,Dinoflagellata,Gymnodinium rotundatum,Gymnodinium rotundatum,Cystodinium unicorne,122,Cystodinium,Species,
466,163862,,Dinoflagellata,Protoperidinium claudicans,Protoperidinium claudicans,Protoperidinium claudicans,32,Protoperidinium,Species,
467,164053,,Dinoflagellata,Pyrocystis lunula,Pyrocystis lunula,Pyrocystis lunula,220,Pyrocystis,Species,
468,164108,,Bacillariophyceae,Bacteriastrum delicatulum,Bacteriastrum delicatulum,Bacteriastrum delicatulum,220,Bacteriastrum,Species,
469,164116,,Bacillariophyceae,Odontella mobiliensis,Odontella mobiliensis,Odontella mobiliensis,220,Odontella,Species,
470,172436,,Bacillariophyceae,Fragilariopsis cf. oceanica,Fragilariopsis cf. oceanica,Fragilariopsis cf. oceanica,176,Fragilariopsis,Species,
471,175584,,Bacillariophyceae,Phaeodactylum tricornutum,Phaeodactylum tricornutum,Phaeodactylum tricornutum,68,Phaeodactylum,Species,
472,176288,157061,Bacillariophyceae,Synedra affinis,Synedra affinis,Tabularia fasciculata,126,Tabularia,Species,
473,177604,,Cyanobacteria,Trichodesmium sp.,Trichodesmium sp.,Trichodesmium sp.,13,Trichodesmium,Genus,
474,177833,,Haptophyta,Calyptrophora sp.,Calyptrophora sp.,Calyptrophora sp.,69,Calyptrophora,Genus,
475,178180,,Bacillariophyceae,Chaetoceros coarctatus,Chaetoceros coarctatus,Chaetoceros coarctatus,220,Chaetoceros,Species,
476,178185,,Bacillariophyceae,Chaetoceros peruvianus,Chaetoceros peruvianus,Chaetoceros peruvianus,41,Chaetoceros,Species,
477,178215,,Bacillariophyceae,Chaetoceros dichaeta,Chaetoceros dichaeta,Chaetoceros dichaeta,220,Chaetoceros,Species,
478,178217,,Bacillariophyceae,Chaetoceros messanense,Chaetoceros messanense,Chaetoceros messanense,219,Chaetoceros,Species,6
479,178217,,Bacillariophyceae,Chaetoceros messanensis,Chaetoceros messanensis,Chaetoceros messanensis,1,Chaetoceros,Species,6
480,178241,,Bacillariophyceae,Chaetoceros tetrastichon,Chaetoceros tetrastichon,Chaetoceros tetrastichon,220,Chaetoceros,Species,
481,178567,,Cryptophyte,Hillea fusiformis,Hillea fusiformis,Hillea fusiformis,8,Hillea,Species,
482,178582,,Others,Eutreptia sp.,Eutreptia sp.,Eutreptia sp.,220,Eutreptia,Genus,
483,178589,,Chlorophyte,Dunaliella sp.,Dunaliella sp.,Dunaliella sp.,221,Dunaliella,Genus,
484,178617,,Chlorophyte,Crucigenia sp.,Crucigenia sp.,Crucigenia sp.,20,Crucigenia,Genus,
485,178919,,Chlorophyte,Pandorina sp.,Pandorina sp.,Pandorina sp.,21,Pandorina,Genus,
486,179320,,Others,Mesodinium sp.,Mesodinium sp.,Mesodinium sp.,8,Mesodinium,Genus,
487,179596,,Bacillariophyceae,Corethron hystrix,Corethron hystrix,Corethron hystrix,220,Corethron,Species,
488,179830,,Bacillariophyceae,Dimeregramma fulvum,Dimeregramma fulvum,Dimeregramma fulvum,220,Dimeregramma,Species,
489,180389,,Bacillariophyceae,Licmophora tenuis,Licmophora tenuis,Licmophora tenuis,87,Licmophora,Species,
490,180391,,Bacillariophyceae,Lyrella lyra,Lyrella lyra,Lyrella lyra,23,Lyrella,Species,
491,196803,,Bacillariophyceae,Climacodium sp.,Climacodium sp.,Climacodium sp.,220,Climacodium,Genus,
492,196804,,Bacillariophyceae,Climacodium frauenfeldianum,Climacodium frauenfeldianum,Climacodium frauenfeldianum,221,Climacodium,Species,
493,196805,,Bacillariophyceae,Rhizosolenia acuminata,Rhizosolenia acuminata,Rhizosolenia acuminata,220,Rhizosolenia,Species,
494,196811,,Bacillariophyceae,Rhizosolenia bergonii,Rhizosolenia bergonii,Rhizosolenia bergonii,220,Rhizosolenia,Species,
495,196815,,Bacillariophyceae,Planktoniella sol,Planktoniella sol,Planktoniella sol,220,Planktoniella,Species,
496,196820,841190,Dinoflagellata,Ceratium bucephalum,Ceratium bucephalum,Tripos bucephalus,207,Tripos,Species,
497,204903,,Cyanobacteria,Johannesbaptistia sp.,Johannesbaptistia sp.,Johannesbaptistia sp.,220,Johannesbaptistia,Genus,
498,213713,,Cyanobacteria,Johannesbaptistia pellucida,Johannesbaptistia pellucida,Johannesbaptistia pellucida,156,Johannesbaptistia,Species,
499,231769,,Dinoflagellata,Asterodinium sp.,Asterodinium sp.,Asterodinium sp.,180,Asterodinium,Genus,
500,231770,,Dinoflagellata,Brachidinium sp.,Brachidinium sp.,Brachidinium sp.,220,Brachidinium,Genus,
501,231793,,Dinoflagellata,Erythropsidinium sp.,Erythropsidinium sp.,Erythropsidinium sp.,36,Erythropsidinium,Genus,
502,231851,109566,Dinoflagellata,Exuviella sp.,Exuviella sp.,Prorocentrum sp.,8,Prorocentrum,Genus,
503,231875,,Dinoflagellata,Alexandrium monilatum,Alexandrium monilatum,Alexandrium monilatum,220,Alexandrium,Species,
504,231885,,Dinoflagellata,Prorocentrum mexicanum,Prorocentrum mexicanum,Prorocentrum mexicanum,96,Prorocentrum,Species,
505,231886,,Dinoflagellata,Pyrodinium bahamense,Pyrodinium bahamense,Pyrodinium bahamense,220,Pyrodinium,Species,
506,231888,,Bacillariophyceae,Stephanopyxis palmeriana,Stephanopyxis palmeriana,Stephanopyxis palmeriana,220,Stephanopyxis,Species,
507,232069,,Others,Mesodinium rubrum,Mesodinium rubrum,Mesodinium rubrum,206,Mesodinium,Species,
508,232086,,Bacillariophyceae,Pleurosigma marinum,Pleurosigma marinum,Pleurosigma marinum,71,Pleurosigma,Species,
509,232113,,Dinoflagellata,Asterodinium spinosum,Asterodinium spinosum,Asterodinium spinosum,220,Asterodinium,Species,
510,232115,,Dinoflagellata,Brachidinium capitatum,Brachidinium capitatum,Brachidinium capitatum,165,Brachidinium,Species,
511,232138,,Dinoflagellata,Amphisolenia palaeotheroides,Amphisolenia palaeotheroides,Amphisolenia palaeotheroides,48,Amphisolenia,Species,
512,232185,,Dinoflagellata,Dinophysis exigua,Dinophysis exigua,Dinophysis exigua,63,Dinophysis,Species,
513,232243,,Dinoflagellata,Dinophysis okamurae,Dinophysis okamurae,Dinophysis okamurae,87,Dinophysis,Species,
514,232259,,Dinoflagellata,Pyrocystis hamulus,Pyrocystis hamulus,Pyrocystis hamulus,220,Pyrocystis,Species,
515,232261,,Dinoflagellata,Dinophysis cf. sacculus,Dinophysis cf. sacculus,Dinophysis cf. sacculus,220,Dinophysis,Species,
516,232270,,Dinoflagellata,Dinophysis schroederi,Dinophysis schroederi,Dinophysis schroederi,8,Dinophysis,Species,
517,232271,,Dinoflagellata,Dissodinium gerbaultii,Dissodinium gerbaultii,Dissodinium gerbaultii,201,Dissodinium,Species,
518,232401,,Dinoflagellata,Histioneis tubifera,Histioneis tubifera,Histioneis tubifera,41,Histioneis,Species,
519,232441,,Dinoflagellata,Prorocentrum emarginatum,Prorocentrum emarginatum,Prorocentrum emarginatum,8,Prorocentrum,Species,
520,232461,,Dinoflagellata,Prorocentrum concavum,Prorocentrum concavum,Prorocentrum concavum,122,Prorocentrum,Species,
521,232469,,Dinoflagellata,Phalacroma favus,Phalacroma favus,Phalacroma favus,122,Phalacroma,Species,
522,232491,,Dinoflagellata,Phalacroma mitra,Phalacroma mitra,Phalacroma mitra,77,Phalacroma,Species,
523,232498,109640,Dinoflagellata,Phalacroma operculoides,Phalacroma operculoides,Dinophysis operculoides,11,Dinophysis,Species,
524,232516,,Dinoflagellata,Mesoporos perforatus,Mesoporos perforatus,Mesoporos perforatus,221,Mesoporos,Species,
525,232546,,Dinoflagellata,Akashiwo sanguinea,Akashiwo sanguinea,Akashiwo sanguinea,24,Akashiwo,Species,
526,232598,,Dinoflagellata,Pyrophacus horologium,Pyrophacus horologium,Pyrophacus horologium,220,Pyrophacus,Species,
527,232625,,Dinoflagellata,Podolampas palmipes,Podolampas palmipes,Podolampas palmipes,220,Podolampas,Species,
528,232633,,Dinoflagellata,Amphidinium turbo,Amphidinium turbo,Amphidinium turbo,122,Amphidinium,Species,
529,232650,990876,Dinoflagellata,Cochlodinium polykrikoides,Cochlodinium polykrikoides,Margalefidinium polykrikoides,164,Margalefidinium,Species,
530,232663,,Dinoflagellata,Cochlodinium faurei,Cochlodinium faurei,Cochlodinium faurei,54,Cochlodinium,Species,
531,232687,,Dinoflagellata,Cochlodinium virescens,Cochlodinium virescens,Cochlodinium virescens,122,Cochlodinium,Species,
532,232737,,Dinoflagellata,Balechina coerulea,Balechina coerulea,Balechina coerulea,77,Balechina,Species,
533,232753,,Dinoflagellata,Gymnodinium flavum,Gymnodinium flavum,Gymnodinium flavum,127,Gymnodinium,Species,
534,232767,,Dinoflagellata,Gymnodinium gelbum,Gymnodinium gelbum,Gymnodinium gelbum,181,Gymnodinium,Species,
535,232785,,Dinoflagellata,Gymnodinium cf. impudicum,Gymnodinium cf. impudicum,Gymnodinium cf. impudicum,16,Gymnodinium,Species,
536,232785,,Dinoflagellata,Gymnodinium impudicum,Gymnodinium impudicum,Gymnodinium impudicum,8,Gymnodinium,Species,
537,232803,,Dinoflagellata,Gymnodinium lira,Gymnodinium lira,Gymnodinium lira,1,Gymnodinium,Species,
538,232828,,Dinoflagellata,Gymnodinium ochraceum,Gymnodinium ochraceum,Gymnodinium ochraceum,75,Gymnodinium,Species,
539,232848,,Dinoflagellata,Gymnodinium punctatum,Gymnodinium punctatum,Gymnodinium punctatum,122,Gymnodinium,Species,
540,232864,,Dinoflagellata,Gymnodinium scopulosum,Gymnodinium scopulosum,Gymnodinium scopulosum,75,Gymnodinium,Species,
541,232901,,Dinoflagellata,Gyrodinium cf. aciculatum,Gyrodinium cf. aciculatum,Gyrodinium cf. aciculatum,143,Gyrodinium,Species,
542,232909,,Dinoflagellata,Gyrodinium biconicum,Gyrodinium biconicum,Gyrodinium biconicum,124,Gyrodinium,Species,
543,232921,,Dinoflagellata,Protoperidinium globulus,Protoperidinium globulus,Protoperidinium globulus,136,Protoperidinium,Species,
544,232941,232935,Dinoflagellata,Protoperidinium cf. spinifera,Protoperidinium cf. spinifera,Protoperidinium solidcorne,8,Protoperidinium,Species,
545,232941,232935,Dinoflagellata,Protoperidinium spinifera,Protoperidinium spinifera,Protoperidinium solidcorne,2,Protoperidinium,Species,
546,232942,,Dinoflagellata,Gyrodinium fulvum,Gyrodinium fulvum,Gyrodinium fulvum,65,Gyrodinium,Species,
547,232947,,Dinoflagellata,Gyrodinium aff. grave,Gyrodinium aff. grave,Gyrodinium aff. grave,163,Gyrodinium,Species,
548,232968,,Dinoflagellata,Protoperidinium roseum,Protoperidinium roseum,Protoperidinium roseum,48,Protoperidinium,Species,
549,232970,,Dinoflagellata,Gyrodinium nasutum,Gyrodinium nasutum,Gyrodinium nasutum,122,Gyrodinium,Species,
550,232998,,Dinoflagellata,Gyrodinium striatissimum,Gyrodinium striatissimum,Gyrodinium striatissimum,54,Gyrodinium,Species,
551,233006,,Dinoflagellata,Gyrodinium virgatum,Gyrodinium virgatum,Gyrodinium virgatum,61,Gyrodinium,Species,
552,233028,,Dinoflagellata,Protoperidinium matzenaueri,Protoperidinium matzenaueri,Protoperidinium matzenaueri,8,Protoperidinium,Species,
553,233082,,Dinoflagellata,Protoperidinium okamurae,Protoperidinium okamurae,Protoperidinium okamurae,101,Protoperidinium,Species,
554,233104,110240,Dinoflagellata,Protoperidinium murrayi,Protoperidinium murrayi,Protoperidinium oceanicum,127,Protoperidinium,Species,
555,233115,547527,Dinoflagellata,Protherythropsis vigilans,Protherythropsis vigilans,Nematopsides vigilans,6,Nematopsides,Species,
556,233115,,Dinoflagellata,Protherythropsis vigilans,Protherythropsis vigilans 2,Protherythropsis vigilans,26,Protherythropsis,Species,
557,233169,,Dinoflagellata,Protoperidinium cf. melo,Protoperidinium cf. melo,Protoperidinium cf. melo,8,Protoperidinium,Species,
558,233237,837226,Dinoflagellata,Ceratium longinum,Ceratium longinum,Tripos longinus,41,Tripos,Species,
559,233245,840628,Dinoflagellata,Ceratium dens,Ceratium dens,Tripos dens,55,Tripos,Species,
560,233269,,Dinoflagellata,Protoperidinium hirobis,Protoperidinium hirobis,Protoperidinium hirobis,133,Protoperidinium,Species,
561,233274,233271,Dinoflagellata,Protoperidinium rotundatum,Protoperidinium rotundatum,Protoperidinium hidemitii,122,Protoperidinium,Species,
562,233281,841249,Dinoflagellata,Ceratium humile,Ceratium humile,Tripos humilis,41,Tripos,Species,
563,233352,109993,Dinoflagellata,Cladopyxis setifera,Cladopyxis setifera,Micracanthodinium setiferum,41,Micracanthodinium,Species,
564,233357,,Dinoflagellata,Protoperidinium elegans,Protoperidinium elegans,Protoperidinium elegans,35,Protoperidinium,Species,
565,233386,196828,Dinoflagellata,Goniodoma polyedricum,Goniodoma polyedricum,Triadinium polyedricum,122,Triadinium,Species,
566,233420,,Dinoflagellata,Alexandrium cohorticola,Alexandrium cohorticola,Alexandrium cohorticula,1,Alexandrium,Species,
567,233420,,Dinoflagellata,Alexandrium cohorticula,Alexandrium cohorticula,Alexandrium cohorticula,219,Alexandrium,Species,
568,233556,,Dinoflagellata,Protoperidinium abei,Protoperidinium abei,Protoperidinium abei,54,Protoperidinium,Species,
569,233557,,Dinoflagellata,Gonyaulax minuta,Gonyaulax minuta,Gonyaulax minuta,122,Gonyaulax,Species,
570,233577,,Dinoflagellata,Gonyaulax sousae,Gonyaulax sousae,Gonyaulax sousae,220,Gonyaulax,Species,
571,233592,,Dinoflagellata,Lingulodinium polyedra,Lingulodinium polyedra,Lingulodinium polyedra,220,Lingulodinium,Species,
572,233618,110155,Dinoflagellata,Diplopsalis rotunda,Diplopsalis rotunda,Oblea rotunda,101,Oblea,Species,
573,233728,233727,Dinoflagellata,Murrayella biconica,Murrayella biconica,Centrodinium biconicum,48,Centrodinium,Species,
574,233776,,Others,Chattonella sp.,Chattonella sp.,Chattonella sp.,67,Chattonella,Genus,
575,233804,1305343,Dinoflagellata,Peridinium quinquecorne,Peridinium quinquecorne,Peridinium quadridentatum,220,Peridinium,Species,7
576,233805,1305343,Dinoflagellata,Protoperidinium quinquecorne,Protoperidinium quinquecorne,Peridinium quadridentatum,32,Peridinium,Species,7
577,233859,,Dinoflagellata,Oxytoxum elongatum,Oxytoxum elongatum,Oxytoxum elongatum,13,Oxytoxum,Species,
578,233870,,Dinoflagellata,Oxytoxum gracile,Oxytoxum gracile,Oxytoxum gracile,168,Oxytoxum,Species,
579,233874,,Dinoflagellata,Oxytoxum tesselatum,Oxytoxum tesselatum,Oxytoxum tesselatum,49,Oxytoxum,Species,
580,235802,,Haptophyta,Acanthoica quattrospina,Acanthoica quattrospina,Acanthoica quattrospina,145,Acanthoica,Species,
581,235804,,Haptophyta,Calcidiscus sp.,Calcidiscus sp.,Calcidiscus sp.,62,Calcidiscus,Genus,
582,235826,,Haptophyta,Calyptrolithina sp.,Calyptrolithina sp.,Calyptrolithina sp.,60,Calyptrolithina,Genus,
583,235827,,Haptophyta,Calyptrolithophora sp.,Calyptrolithophora sp.,Calyptrolithophora sp.,103,Calyptrolithophora,Genus,
584,235828,,Haptophyta,Calyptrosphaera sp.,Calyptrosphaera sp.,Calyptrosphaera sp.,60,Calyptrosphaera,Genus,
585,235841,,Haptophyta,Helladosphaera sp.,Helladosphaera sp.,Helladosphaera sp.,223,Helladosphaera,Genus,
586,235859,,Haptophyta,Halopappus sp.,Halopappus sp.,Halopappus sp.,220,Halopappus,Genus,
587,235863,,Haptophyta,Helicosphaera sp.,Helicosphaera sp.,Helicosphaera sp.,191,Helicosphaera,Genus,
588,235868,619120,Haptophyta,Calyptrosphaera sphaerodidea,Calyptrosphaera sphaerodidea,Holococcolithophora sphaeroidea,1,Holococcolithophora,Species,
589,235877,,Haptophyta,Periphyllophora mirabilis,Periphyllophora mirabilis,Periphyllophora mirabilis,41,Periphyllophora,Species,
590,235880,555946,Haptophyta,Syracolithus quadriperforatus,Syracolithus quadriperforatus,Calcidiscus leptoporus subsp. quadriperforatus,13,Calcidiscus,Species,
591,235898,,Haptophyta,Helladosphaera cornifera,Helladosphaera cornifera,Helladosphaera cornifera,51,Helladosphaera,Species,
592,235905,,Haptophyta,Zygosphaera hellenica,Zygosphaera hellenica,Zygosphaera hellenica,60,Zygosphaera,Species,
593,235921,555889,Haptophyta,Anoplosolenia brasiliensis,Anoplosolenia brasiliensis,Calciosolenia brasiliensis,220,Calciosolenia,Species,
594,235922,,Haptophyta,Braarudosphaera bigelowii,Braarudosphaera bigelowii,Braarudosphaera bigelowii,54,Braarudosphaera,Species,
595,235923,,Haptophyta,Calcidiscus leptoporus,Calcidiscus leptoporus,Calcidiscus leptoporus,172,Calcidiscus,Species,
596,235924,,Haptophyta,Calciopappus caudatus,Calciopappus caudatus,Calciopappus caudatus,220,Calciopappus,Species,
597,235926,,Haptophyta,Calciosolenia murrayi,Calciosolenia murrayi,Calciosolenia murrayi,221,Calciosolenia,Species,
598,235933,,Haptophyta,Ceratolithus cristatus,Ceratolithus cristatus,Ceratolithus cristatus,61,Ceratolithus,Species,
599,235937,,Haptophyta,Umbellosphaera sp.,Umbellosphaera sp.,Umbellosphaera sp.,181,Umbellosphaera,Genus,
600,235944,,Haptophyta,Coronosphaera mediterranea,Coronosphaera mediterranea,Coronosphaera mediterranea,13,Coronosphaera,Species,
601,235960,,Haptophyta,Helicosphaera hyalina,Helicosphaera hyalina,Helicosphaera hyalina,48,Helicosphaera,Species,
602,235961,,Haptophyta,Michaelsarsia elegans,Michaelsarsia elegans,Michaelsarsia elegans,220,Michaelsarsia,Species,
603,235962,,Haptophyta,Oolithotus fragilis,Oolithotus fragilis,Oolithotus fragilis,48,Oolithotus,Species,
604,235970,,Haptophyta,Pontosphaera discopora,Pontosphaera discopora,Pontosphaera discopora,41,Pontosphaera,Species,
605,235972,,Haptophyta,Rhabdosphaera claviger,Rhabdosphaera claviger,Rhabdosphaera clavigera,48,Rhabdosphaera,Species,
606,235976,,Haptophyta,Syracosphaera histrica,Syracosphaera histrica,Syracosphaera histrica,54,Syracosphaera,Species,
607,235979,,Haptophyta,Syracosphaera pulchra,Syracosphaera pulchra,Syracosphaera pulchra,163,Syracosphaera,Species,
608,235982,,Haptophyta,Umbellosphaera irregularis,Umbellosphaera irregularis,Umbellosphaera irregularis,61,Umbellosphaera,Species,
609,235985,,Haptophyta,Umbilicosphaera sibogae,Umbilicosphaera sibogae,Umbilicosphaera sibogae,220,Umbilicosphaera,Species,
610,235989,235913,Haptophyta,Anthosphaera robusta,Anthosphaera robusta,Algirosphaera robusta,220,Algirosphaera,Species,
611,236058,,Haptophyta,Michaelsarsia adriaticus,Michaelsarsia adriaticus,Michaelsarsia adriaticus,179,Michaelsarsia,Species,
612,248058,,Bacillariophyceae,Eucampia cornuta,Eucampia cornuta,Eucampia cornuta,220,Eucampia,Species,
613,248060,,Bacillariophyceae,Thalassiothrix mediterranea,Thalassiothrix mediterranea,Thalassiothrix mediterranea,46,Thalassiothrix,Species,
614,248062,,Bacillariophyceae,Rhizosolenia castracanei,Rhizosolenia castracanei,Rhizosolenia castracanei,91,Rhizosolenia,Species,
615,248063,,Bacillariophyceae,Haslea wawrikae,Haslea wawrikae,Haslea wawrikae,221,Haslea,Species,
616,248064,,Bacillariophyceae,Dactyliosolen phuketensis,Dactyliosolen phuketensis,Dactyliosolen phuketensis,15,Dactyliosolen,Species,
617,248065,,Bacillariophyceae,Chaetoceros pendulus,Chaetoceros pendulus,Chaetoceros pendulus,220,Chaetoceros,Species,
618,248066,,Bacillariophyceae,Bacteriastrum comosum,Bacteriastrum comosum,Bacteriastrum comosum,163,Bacteriastrum,Species,
619,248069,,Bacillariophyceae,Asterolampra sp.,Asterolampra sp.,Asterolampra sp.,219,Asterolampra,Genus,
620,248076,,Bacillariophyceae,Synedra hennedyana,Synedra hennedyana,Toxarium hennedyanum,48,Toxarium,Species,
621,248081,,Bacillariophyceae,Climacosphenia sp.,Climacosphenia sp.,Climacosphenia sp.,13,Climacosphenia,Genus,
622,248090,,Bacillariophyceae,Podocystis adriatica,Podocystis adriatica,Podocystis adriatica,220,Podocystis,Species,
623,292726,,Bacillariophyceae,Lioloma sp.,Lioloma sp.,Lioloma sp.,163,Lioloma,Genus,
624,292896,232069,Others,Myrionecta rubra,Myrionecta rubra,Mesodinium rubrum,16,Mesodinium,Species,
625,341379,,Bacillariophyceae,Nitzschia sicula,Nitzschia sicula,Nitzschia sicula,59,Nitzschia,Species,
626,341473,,Bacillariophyceae,Chaetoceros castracanei,Chaetoceros castracanei,Chaetoceros castracanei,101,Chaetoceros,Species,
627,341479,,Bacillariophyceae,Chaetoceros cf. neglectus,Chaetoceros cf. neglectus,Chaetoceros cf. neglectus,170,Chaetoceros,Species,
628,341479,,Bacillariophyceae,Chaetoceros neglectus,Chaetoceros neglectus,Chaetoceros neglectus,5,Chaetoceros,Species,
629,341542,,Bacillariophyceae,Ephemera planamembranacea,Ephemera planamembranacea,Ephemera planamembranacea,16,Ephemera,Species,
630,345435,157440,Bacillariophyceae,Streptotheca thamensis,Streptotheca thamensis,Helicotheca tamesis,7,Helicotheca,Species,
631,345436,,Chlorophyte,Brachiomonas sp.,Brachiomonas sp.,Brachiomonas sp.,220,Brachiomonas,Genus,
632,345529,,Bacillariophyceae,Thalassiosira aestivalis,Thalassiosira aestivalis,Thalassiosira aestivalis,220,Thalassiosira,Species,
633,345849,148922,Bacillariophyceae,Coscinodiscus excentricus,Coscinodiscus excentricus,Thalassiosira eccentrica,220,Thalassiosira,Species,
634,366283,366281,Bacillariophyceae,Pseudoeunotia doliolus,Pseudoeunotia doliolus,Fragilariopsis doliolus,122,Fragilariopsis,Species,
635,390662,,Bacillariophyceae,Nitzschia insignis,Nitzschia insignis,Nitzschia insignis,220,Nitzschia,Species,
636,409630,,Cyanobacteria,Gloeotrichia echinulata,Gloeotrichia echinulata,Gloeotrichia echinulata,61,Gloeotrichia,Species,
637,411765,,Bacillariophyceae,Pseudo-nitzschia cf. lineola,Pseudo-nitzschia cf. lineola,Pseudo-nitzschia cf. lineola,163,Pseudo-nitzschia,Species,
638,418124,,Dinoflagellata,Gymnodinium mirabile,Gymnodinium mirabile,Gymnodinium mirabile,125,Gymnodinium,Species,
639,418125,,Dinoflagellata,Gymnodinium mitratum,Gymnodinium mitratum,Gymnodinium mitratum,126,Gymnodinium,Species,
640,418151,,Dinoflagellata,Protoperidinium latum,Protoperidinium latum,Protoperidinium latum,48,Protoperidinium,Species,
641,418153,,Dinoflagellata,Protoperidinium orbiculare,Protoperidinium orbiculare,Protoperidinium orbiculare,133,Protoperidinium,Species,
642,418161,,Dinoflagellata,Podolampas spinifer,Podolampas spinifer,Podolampas spinifer,220,Podolampas,Species,
643,418168,,Dinoflagellata,Phalacroma ovum,Phalacroma ovum,Phalacroma ovum,122,Phalacroma,Species,
644,418196,,Bacillariophyceae,Nitzschia fluminensis,Nitzschia fluminensis,Nitzschia fluminensis,220,Nitzschia,Species,
645,418221,,Bacillariophyceae,Pseudo-nitzschia subfraudulenta,Pseudo-nitzschia subfraudulenta,Pseudo-nitzschia subfraudulenta,221,Pseudo-nitzschia,Species,
646,418236,,Bacillariophyceae,Amphora clevei,Amphora clevei,Amphora clevei,13,Amphora,Species,
647,418299,,Bacillariophyceae,Mastogloia erythraea,Mastogloia erythraea,Mastogloia erythraea,220,Mastogloia,Species,
648,418385,977617,Bacillariophyceae,Navicula yarrensis,Navicula yarrensis,Navicula yarrensis var. yarrensis,1,Navicula,Species,
649,418456,,Bacillariophyceae,Surirella recedens,Surirella recedens,Surirella recedens,220,Surirella,Species,
650,418513,,Bacillariophyceae,Chaetoceros pseudocurvisetum,Chaetoceros pseudocurvisetum,Chaetoceros pseudocurvisetum,221,Chaetoceros,Species,
651,418540,,Bacillariophyceae,Hemiaulus membranaceus,Hemiaulus membranaceus,Hemiaulus membranaceus,122,Hemiaulus,Species,
652,418547,,Bacillariophyceae,Melosira moniliformis,Melosira moniliformis,Melosira moniliformis,16,Melosira,Species,
653,418591,,Bacillariophyceae,Odontella longicruris,Odontella longicruris,Odontella longicruris,220,Odontella,Species,
654,418646,,Bacillariophyceae,Lioloma pacificum,Lioloma pacificum,Lioloma pacificum,181,Lioloma,Species,
655,418647,,Bacillariophyceae,Thalassionema bacillare,Thalassionema bacillare,Thalassionema bacillare,164,Thalassionema,Species,
656,450616,,Bacillariophyceae,Neostreptotheca sp.,Neostreptotheca sp.,Neostreptotheca sp.,81,Neostreptotheca,Genus,
657,465390,,Bacillariophyceae,Chaetoceros dadayi,Chaetoceros dadayi,Chaetoceros dadayi,17,Chaetoceros,Species,
658,465524,,Bacillariophyceae,Chaetoceros gracilis,Chaetoceros gracilis,Chaetoceros gracilis,220,Chaetoceros,Species,
659,465530,,Cyanobacteria,Anacystis sp.,Anacystis sp.,Anacystis sp.,220,Anacystis,Genus,
660,502171,292728,Bacillariophyceae,Thalassiothrix delicatula,Thalassiothrix delicatula,Lioloma delicatulum,46,Lioloma,Species,
661,549210,,Bacillariophyceae,Navicula septentrionalis,Navicula septentrionalis,Navicula septentrionalis,145,Navicula,Species,
662,549212,,Bacillariophyceae,Nitzschia cf. fontifuga,Nitzschia cf. fontifuga,Nitzschia cf. fontifuga,105,Nitzschia,Species,
663,549212,,Bacillariophyceae,Nitzschia fontifuga,Nitzschia fontifuga,Nitzschia fontifuga,59,Nitzschia,Species,
664,549219,,Bacillariophyceae,Stephanopyxis cf. nipponica,Stephanopyxis cf. nipponica,Stephanopyxis cf. nipponica,220,Stephanopyxis,Species,
665,555052,,Bacillariophyceae,Thalassionema frauenfeldii,Thalassionema frauenfeldii,Thalassionema frauenfeldii,25,Thalassionema,Species,
666,555052,,Bacillariophyceae,Thalassionema frauenfeldii,Thalassionema frauenfeldii 2,Thalassionema frauenfeldii,195,Thalassionema,Species,
667,555264,,Bacillariophyceae,Thalassiosira delicatula,Thalassiosira delicatula,Thalassiosira delicatula,20,Thalassiosira,Species,
668,573401,,Haptophyta,Syracosphaera rotula,Syracosphaera rotula,Syracosphaera rotula,54,Syracosphaera,Species,
669,573538,,Bacillariophyceae,Plagiotropis gaussii,Plagiotropis gaussii,Plagiotropis gaussii,8,Plagiotropis,Species,
670,573543,,Bacillariophyceae,Pseudoguinardia recta,Pseudoguinardia recta,Pseudoguinardia recta,166,Pseudoguinardia,Species,
671,573563,,Bacillariophyceae,Rhizosolenia acicularis,Rhizosolenia acicularis,Rhizosolenia acicularis,220,Rhizosolenia,Species,
672,573563,,Bacillariophyceae,Syracolithus quadriperforatus,Syracolithus quadriperforatus,Rhizosolenia acicularis,48,Rhizosolenia,Species,
673,573577,,Bacillariophyceae,Rhizosolenia hyalina,Rhizosolenia hyalina,Rhizosolenia hyalina,164,Rhizosolenia,Species,
674,573871,,Others,Eutreptiella eupharyngea,Eutreptiella eupharyngea,Eutreptiella eupharyngea,13,Eutreptiella,Species,
675,576676,,Bacillariophyceae,Pleurosigma rigidum,Pleurosigma rigidum,Pleurosigma rigidum,54,Pleurosigma,Species,
676,576723,110293,Dinoflagellata,Exuviella baltica,Exuviella baltica,Prorocentrum balticum,8,Prorocentrum,Species,
677,577670,,Chlorophyte,Gonium sp.,Gonium sp.,Gonium sp.,8,Gonium,Genus,
678,578256,839904,Cyanobacteria,Lyngbya birgei,Lyngbya birgei,Limnoraphis birgei,81,Limnoraphis,Species,
679,590735,,Bacillariophyceae,Stauroneis constricta,Stauroneis constricta,Stauroneis constricta,311,Stauroneis,Species,
680,592884,,Others,Desmidium sp.,Desmidium sp.,Desmidium sp.,21,Desmidium,Genus,
681,597009,,Bacillariophyceae,Hemiaulus heibergii,Hemiaulus heibergii,Hemiaulus heibergii,220,Hemiaulus,Species,
682,597657,,Dinoflagellata,Protoperidinium trochoideum,Protoperidinium trochoideum,Protoperidinium trochoideum,11,Protoperidinium,Species,
683,604021,,Haptophyta,Cyclolithella sp.,Cyclolithella sp.,Cyclolithella sp.,220,Cyclolithella,Genus,
684,608237,,Cyanobacteria,Schizothrix calcicola,Schizothrix calcicola,Schizothrix calcicola,180,Schizothrix,Species,
685,611791,,Bacillariophyceae,Nitzschia rostrata,Nitzschia rostrata,Nitzschia rostrata,81,Nitzschia,Species,
686,613511,,Bacillariophyceae,Pinnunavis yarrensis,Pinnunavis yarrensis,Pinnunavis yarrensis,220,Pinnunavis,Species,
687,615435,,Haptophyta,Helicosphaera carteri,Helicosphaera carteri,Helicosphaera carteri,8,Helicosphaera,Species,
688,615464,,Haptophyta,Discosphaera tubifer,Discosphaera tubifer,Discosphaera tubifer,61,Discosphaera,Species,
689,615560,,Dinoflagellata,Gymnodinium acuminatum,Gymnodinium acuminatum,Gymnodinium acuminatum,1,Gymnodinium,Species,
690,619046,,Haptophyta,Syracosphaera florida,Syracosphaera florida,Syracosphaera florida,157,Syracosphaera,Species,
691,619047,,Haptophyta,Syracosphaera lamina,Syracosphaera lamina,Syracosphaera lamina,26,Syracosphaera,Species,
692,619050,,Haptophyta,Syracosphaera tumularis,Syracosphaera tumularis,Syracosphaera tumularis,8,Syracosphaera,Species,
693,631889,,Bacillariophyceae,Rhizosolenia calcaravis,Rhizosolenia calcaravis,Rhizosolenia calcaravis,210,Rhizosolenia,Species,
694,646201,,Dinoflagellata,Dinophysis ovum,Dinophysis ovum,Dinophysis ovum,220,Dinophysis,Species,
695,650636,,Dinoflagellata,Amphidinium schroederi,Amphidinium schroederi,Amphidinium schroederi,219,Amphidinium,Species,
696,650636,,Dinoflagellata,Amphidinium shroederi,Amphidinium shroederi,Amphidinium schroederi,1,Amphidinium,Species,
697,660753,,Cyanobacteria,Spirulina subsalsa,Spirulina subsalsa,Spirulina subsalsa,8,Spirulina,Species,
698,660919,,Cyanobacteria,Trichodesmium erythraeum,Trichodesmium erythraeum,Trichodesmium erythraeum,20,Trichodesmium,Species,
699,660966,,Cyanobacteria,Trichodesmium thiebautii,Trichodesmium thiebautii,Trichodesmium thiebautii,221,Trichodesmium,Species,
700,663775,,Dinoflagellata,Sphaerodinium javanicum,Sphaerodinium javanicum,Sphaerodinium javanicum,128,Sphaerodinium,Species,
701,670002,841260,Dinoflagellata,Ceratium macroceros,Ceratium macroceros,Tripos macroceros,204,Tripos,Species,
702,836546,,Dinoflagellata,Stelladinium sp.,Stelladinium sp.,Stelladinium sp.,83,Stelladinium,Genus,
703,837220,,Dinoflagellata,Tripos falcatus,Tripos falcatus,Tripos falcatus,13,Tripos,Species,
704,837221,,Dinoflagellata,Tripos falcatiformis,Tripos falcatiformis,Tripos falcatiformis,13,Tripos,Species,
705,837222,,Dinoflagellata,Tripos gibberus,Tripos gibberus,Tripos gibberus,13,Tripos,Species,
706,837226,,Dinoflagellata,Tripos longinus,Tripos longinus,Tripos longinus,13,Tripos,Species,
707,837234,,Dinoflagellata,Tripos ranipes,Tripos ranipes,Tripos ranipes,122,Tripos,Species,
708,837310,,Dinoflagellata,Tripos azoricus,Tripos azoricus,Tripos azoricus,16,Tripos,Species,
709,837448,,Dinoflagellata,Tripos carriensis,Tripos carriensis,Tripos carriensis,13,Tripos,Species,
710,837453,,Dinoflagellata,Tripos horridus,Tripos horridus,Tripos horridus,13,Tripos,Species,
711,837456,,Dinoflagellata,Tripos kofoidii,Tripos kofoidii,Tripos kofoidii,16,Tripos,Species,
712,837459,,Dinoflagellata,Tripos lineatus,Tripos lineatus,Tripos lineatus,16,Tripos,Species,
713,837460,,Dinoflagellata,Tripos extensus,Tripos extensus,Tripos extensus,13,Tripos,Species,
714,838205,,Dinoflagellata,Tripos vultur,Tripos vultur,Tripos vultur,199,Tripos,Species,
715,838527,,Dinoflagellata,Phalacroma scrobiculatum,Phalacroma scrobiculatum,Phalacroma scrobiculatum,77,Phalacroma,Species,
716,839164,,Dinoflagellata,Ceratoperidinium falcatum,Ceratoperidinium falcatum,Ceratoperidinium falcatum,13,Ceratoperidinium,Species,
717,840032,,Haptophyta,Cyclolithella ferrazae,Cyclolithella ferrazae,Cyclolithella ferrazae,19,Cyclolithella,Species,
718,840280,611927,Bacillariophyceae,Plagiotropis seriata,Plagiotropis seriata,Tropidoneis seriata,220,Tropidoneis,Species,
719,840410,,Bacillariophyceae,Pleurosigma lineare,Pleurosigma lineare,Pleurosigma lineare,54,Pleurosigma,Species,
720,840626,,Dinoflagellata,Tripos fusus,Tripos fusus,Tripos fusus,16,Tripos,Species,
721,840627,,Dinoflagellata,Tripos furca,Tripos furca,Tripos furca,16,Tripos,Species,
722,840628,,Dinoflagellata,Tripos dens,Tripos dens,Tripos dens,13,Tripos,Species,
723,841184,,Dinoflagellata,Tripos belone,Tripos belone,Tripos belone,16,Tripos,Species,
724,841189,,Dinoflagellata,Tripos brevis,Tripos brevis,Tripos brevis,13,Tripos,Species,
725,841190,,Dinoflagellata,Tripos bucephalus,Tripos bucephalus,Tripos bucephalus,13,Tripos,Species,
726,841193,,Dinoflagellata,Tripos candelabrus,Tripos candelabrus,Tripos candelabrus,13,Tripos,Species,
727,841200,,Dinoflagellata,Tripos contortus,Tripos contortus,Tripos contortus,16,Tripos,Species,
728,841249,,Dinoflagellata,Tripos humilis,Tripos humilis,Tripos humilis,13,Tripos,Species,
729,841256,,Dinoflagellata,Tripos karstenii,Tripos karstenii,Tripos karstenii,13,Tripos,Species,
730,841259,,Dinoflagellata,Tripos longipes,Tripos longipes,Tripos longipes,13,Tripos,Species,
731,841260,,Dinoflagellata,Tripos macroceros,Tripos macroceros,Tripos macroceros,16,Tripos,Species,
732,841261,,Dinoflagellata,Tripos massiliensis,Tripos massiliensis,Tripos massiliensis,219,Tripos,Species,
733,841263,,Dinoflagellata,Tripos minutus,Tripos minutus,Tripos minutus,94,Tripos,Species,
734,841744,,Dinoflagellata,Tripos pavillardii,Tripos pavillardii,Tripos pavillardii,16,Tripos,Species,
735,841746,,Dinoflagellata,Tripos pentagonus,Tripos pentagonus,Tripos pentagonus,219,Tripos,Species,
736,841748,,Dinoflagellata,Tripos praelongus,Tripos praelongus,Tripos praelongus,60,Tripos,Species,
737,841751,,Dinoflagellata,Tripos pulchellus,Tripos pulchellus,Tripos pulchellus,8,Tripos,Species,
738,841760,,Dinoflagellata,Tripos schmidtii,Tripos schmidtii,Tripos schmidtii,21,Tripos,Species,
739,841767,,Dinoflagellata,Tripos symmetricum,Tripos symmetricum,Tripos symmetricum,219,Tripos,Species,
740,842517,,Dinoflagellata,Tripos trichoceros,Tripos trichoceros,Tripos trichoceros,219,Tripos,Species,
741,960571,,Bacillariophyceae,Thalassiosira nordenskioldii,Thalassiosira nordenskioldii,Thalassiosira nordenskioldii,125,Thalassiosira,Species,
742,961376,,Bacillariophyceae,Amphora lineata,Amphora lineata,Amphora lineata,126,Amphora,Species,
743,961752,,Bacillariophyceae,Chaetoceros breve,Chaetoceros breve,Chaetoceros breve,220,Chaetoceros,Species,
744,961828,,Bacillariophyceae,Chaetoceros levis,Chaetoceros levis,Chaetoceros levis,129,Chaetoceros,Species,
745,962582,,Bacillariophyceae,Navicula crabro,Navicula crabro,Navicula crabro,122,Navicula,Species,
746,962805,,Bacillariophyceae,Navicula hennedyi,Navicula hennedyi,Navicula hennedyi,220,Navicula,Species,
747,967223,,Bacillariophyceae,Navicula brevis,Navicula brevis,Navicula brevis,126,Navicula,Species,
748,967825,,Bacillariophyceae,Synedra decipiens,Synedra decipiens,Synedra decipiens,122,Synedra,Species,
749,986480,,Bacillariophyceae,Nitzschia paradoxa,Nitzschia paradoxa,Nitzschia paradoxa,122,Nitzschia,Species,
